GROUP,PACKAGE,CLASS,INSTRUCTION_MISSED,INSTRUCTION_COVERED,BRANCH_MISSED,BRANCH_COVERED,LINE_MISSED,LINE_COVERED,COMPLEXITY_MISSED,COMPLEXITY_COVERED,METHOD_MISSED,METHOD_COVERED
sandbox_coverage/sandbox_common,org.sandbox.jdt.triggerpattern.ui,TriggerPatternQuickAssistProcessor.new ASTVisitor() {...},41,0,8,0,10,0,6,0,2,0
sandbox_coverage/sandbox_common,org.sandbox.jdt.triggerpattern.ui,HintFileQuickAssistProcessor.HintFileProposal,50,50,6,6,11,14,11,3,5,3
sandbox_coverage/sandbox_common,org.sandbox.jdt.triggerpattern.ui,SandboxHintConsole,108,0,4,0,34,0,11,0,9,0
sandbox_coverage/sandbox_common,org.sandbox.jdt.triggerpattern.ui,SandboxHintConsoleFactory,8,0,0,0,4,0,2,0,2,0
sandbox_coverage/sandbox_common,org.sandbox.jdt.triggerpattern.ui,SandboxHintConsole.Holder,5,0,0,0,1,0,1,0,1,0
sandbox_coverage/sandbox_common,org.sandbox.jdt.triggerpattern.ui,TriggerPatternQuickAssistProcessor,191,0,26,0,43,0,20,0,7,0
sandbox_coverage/sandbox_common,org.sandbox.jdt.triggerpattern.ui,HintFileQuickAssistProcessor,94,101,12,14,27,17,11,8,3,3
sandbox_coverage/sandbox_common,org.sandbox.jdt.triggerpattern.mining.git,GitProviderException,9,0,0,0,4,0,2,0,2,0
sandbox_coverage/sandbox_common,org.sandbox.jdt.triggerpattern.mining.git,AsyncCommitAnalyzer,33,216,5,17,5,51,4,14,0,7
sandbox_coverage/sandbox_common,org.sandbox.jdt.triggerpattern.mining.git,CommandLineGitProvider,373,358,33,37,76,71,27,20,6,6
sandbox_coverage/sandbox_common,org.sandbox.jdt.triggerpattern.mining.git,WorkingTreeDiffProvider,21,212,8,18,7,44,8,12,0,7
sandbox_coverage/sandbox_common,org.sandbox.jdt.triggerpattern.mining.git,JGitHistoryProvider,656,0,48,0,140,0,38,0,14,0
sandbox_coverage/sandbox_common,org.sandbox.jdt.triggerpattern.cleanup,PlanAwareHintFileFixCore,82,316,13,29,22,71,13,18,3,7
sandbox_coverage/sandbox_common,org.sandbox.jdt.triggerpattern.cleanup,MatchHolder,24,0,4,0,4,0,4,0,2,0
sandbox_coverage/sandbox_common,org.sandbox.jdt.triggerpattern.cleanup,AbstractPatternCleanupPlugin,627,264,62,28,136,63,58,17,19,11
sandbox_coverage/sandbox_common,org.sandbox.jdt.triggerpattern.cleanup,AbstractPatternCleanupPlugin.PluginRewriteOperation,45,0,0,0,13,0,2,0,2,0
sandbox_coverage/sandbox_common,org.sandbox.jdt.triggerpattern.cleanup,DslPluginRegistry,47,60,8,6,10,13,9,3,2,3
sandbox_coverage/sandbox_common,org.sandbox.jdt.triggerpattern.cleanup,ExceptionCleanupHelper,67,239,17,31,11,62,13,21,0,10
sandbox_coverage/sandbox_common,org.sandbox.jdt.triggerpattern.cleanup,AbstractPatternCleanupPlugin.AnnotationReplacementInfo,17,20,7,3,1,5,5,3,1,2
sandbox_coverage/sandbox_common,org.sandbox.jdt.triggerpattern.cleanup,HintFileFixCore,213,158,45,15,60,41,32,6,4,4
sandbox_coverage/sandbox_common,org.sandbox.jdt.triggerpattern.cleanup,PlanAwareHintFileFixCore.PlannedMethodAnnotationOperation,153,6,20,0,32,3,11,1,1,1
sandbox_coverage/sandbox_common,org.sandbox.jdt.triggerpattern.cleanup,TypeChangeInfo,0,9,0,0,0,1,0,1,0,1
sandbox_coverage/sandbox_common,org.sandbox.jdt.triggerpattern.cleanup,HintFileFixCore.HintFileRewriteOperation,711,479,126,50,175,119,78,24,5,9
sandbox_coverage/sandbox_common,org.sandbox.jdt.triggerpattern.cleanup,HintFileFixCore.HintFileRewriteOperation.new ASTVisitor() {...},0,16,0,0,0,3,0,2,0,2
sandbox_coverage/sandbox_common,org.sandbox.jdt.triggerpattern.cleanup,PlanAwareHintFileFixCore.DelegatingHintOperation,4,12,0,0,1,5,1,2,1,2
sandbox_coverage/sandbox_common,org.sandbox.jdt.triggerpattern.cleanup,PatternCleanupHelper,42,93,6,10,8,22,6,10,1,7
sandbox_coverage/sandbox_common,org.sandbox.jdt.triggerpattern.cleanup,TypeChangeDetector.new ASTVisitor() {...},0,24,0,4,0,4,0,4,0,2
sandbox_coverage/sandbox_common,org.sandbox.jdt.triggerpattern.cleanup,TypeChangeDetector,7,54,1,9,1,16,1,8,0,4
sandbox_coverage/sandbox_common,org.sandbox.jdt.triggerpattern.cleanup.actions,StructuredRewriteActionOperation,7,58,1,3,1,14,2,3,1,2
sandbox_coverage/sandbox_common,org.sandbox.jdt.triggerpattern.cleanup.actions,SignatureStructuredRewriteActions,554,21,80,0,107,6,53,1,13,1
sandbox_coverage/sandbox_common,org.sandbox.jdt.triggerpattern.cleanup.actions,StructuredRewriteActionContext,406,190,72,20,75,44,52,12,8,10
sandbox_coverage/sandbox_common,org.sandbox.jdt.triggerpattern.cleanup.actions,StructuredRewriteAnnotationGuard,38,128,18,22,9,27,16,9,0,5
sandbox_coverage/sandbox_common,org.sandbox.jdt.triggerpattern.cleanup.actions,BuiltInStructuredRewriteActions,495,350,98,32,103,88,70,16,9,12
sandbox_coverage/sandbox_common,org.sandbox.jdt.triggerpattern.cleanup.actions,StructuredRewriteActionRegistry,28,56,9,5,6,18,8,6,1,6
sandbox_coverage/sandbox_common,org.sandbox.jdt.triggerpattern.cleanup.actions,StructuredRewriteAnnotationGuard.AnnotationMatch,0,34,0,0,0,4,0,1,0,1
sandbox_coverage/sandbox_common,org.sandbox.jdt.cleanup.multifile,UniqueSequenceLocalRewriteResolver,46,359,36,50,8,85,35,20,1,11
sandbox_coverage/sandbox_common,org.sandbox.jdt.cleanup.multifile,SelectedCompilationUnitPlan,0,46,0,0,0,8,0,3,0,3
sandbox_coverage/sandbox_common,org.sandbox.jdt.cleanup.multifile,UniqueSequenceLocalRewriteFix.RewriteOperation,2,113,0,2,1,27,1,3,1,2
sandbox_coverage/sandbox_common,org.sandbox.jdt.cleanup.multifile,ContainerParameterRewriteFix,0,20,0,0,0,6,0,1,0,1
sandbox_coverage/sandbox_common,org.sandbox.jdt.cleanup.multifile,ContainerLocalRewriteResolver.SourceRange,5,13,2,2,2,3,2,1,0,1
sandbox_coverage/sandbox_common,org.sandbox.jdt.cleanup.multifile,ContainerParameterRewriteResolver.ResolvedPlan,0,40,0,0,0,7,0,1,0,1
sandbox_coverage/sandbox_common,org.sandbox.jdt.cleanup.multifile,ContainerLocalRewriteFix.RewriteOperation,2,172,0,4,1,36,1,4,1,2
sandbox_coverage/sandbox_common,org.sandbox.jdt.cleanup.multifile,ContainerLocalArgumentTransferVerifier,10,105,5,11,1,24,5,7,0,4
sandbox_coverage/sandbox_common,org.sandbox.jdt.cleanup.multifile,CleanUpImpact,0,79,0,0,0,18,0,5,0,5
sandbox_coverage/sandbox_common,org.sandbox.jdt.cleanup.multifile,ContainerLocalArgumentTransferVerifier.SourceRange,0,9,0,0,0,1,0,1,0,1
sandbox_coverage/sandbox_common,org.sandbox.jdt.cleanup.multifile,AbstractPlannedMultiFileCleanUp,79,550,17,35,17,115,18,26,2,16
sandbox_coverage/sandbox_common,org.sandbox.jdt.cleanup.multifile,ClosedSourceParameterMigrationFix,2,39,1,3,1,8,1,2,0,1
sandbox_coverage/sandbox_common,org.sandbox.jdt.cleanup.multifile,ContainerFlowScopeSearch.Result,0,25,0,0,0,5,0,1,0,1
sandbox_coverage/sandbox_common,org.sandbox.jdt.cleanup.multifile,SourceRootKind,0,74,0,4,0,14,0,4,0,2
sandbox_coverage/sandbox_common,org.sandbox.jdt.cleanup.multifile,ContainerLocalRewriteFix,0,36,0,0,0,9,0,3,0,3
sandbox_coverage/sandbox_common,org.sandbox.jdt.cleanup.multifile,ContainerFlowScopeSearch.MethodFamily,0,18,0,0,0,4,0,1,0,1
sandbox_coverage/sandbox_common,org.sandbox.jdt.cleanup.multifile,MultiFilePlanningLimits,7,122,6,14,1,26,6,9,0,5
sandbox_coverage/sandbox_common,org.sandbox.jdt.cleanup.multifile,ContainerParameterRewriteResolver,65,420,33,53,11,103,32,24,1,12
sandbox_coverage/sandbox_common,org.sandbox.jdt.cleanup.multifile,MultiFileCleanUpPlanResult,16,75,2,4,4,15,3,7,1,6
sandbox_coverage/sandbox_common,org.sandbox.jdt.cleanup.multifile,MultiFilePlanningMetrics,5,83,5,5,1,10,5,5,0,5
sandbox_coverage/sandbox_common,org.sandbox.jdt.cleanup.multifile,GeneratedNameAllocator.Collision,0,31,0,0,0,6,0,1,0,1
sandbox_coverage/sandbox_common,org.sandbox.jdt.cleanup.multifile,GeneratedNameAllocator.NestedTypeRequest,11,44,2,4,3,9,2,2,0,1
sandbox_coverage/sandbox_common,org.sandbox.jdt.cleanup.multifile,ContainerLocalRewriteResolver.StalePlanRuntimeException,9,0,0,0,4,0,2,0,2,0
sandbox_coverage/sandbox_common,org.sandbox.jdt.cleanup.multifile,UniqueSequenceLocalRewriteResolver.CollectedAst,0,18,0,0,0,4,0,1,0,1
sandbox_coverage/sandbox_common,org.sandbox.jdt.cleanup.multifile,RelatedCompilationUnitSearch,52,256,21,39,17,57,22,18,1,9
sandbox_coverage/sandbox_common,org.sandbox.jdt.cleanup.multifile,JavaProjectCompilationUnits,62,573,49,111,18,114,44,52,0,15
sandbox_coverage/sandbox_common,org.sandbox.jdt.cleanup.multifile,MultiFileCleanUpDiagnostics,86,573,15,33,14,93,17,24,2,12
sandbox_coverage/sandbox_common,org.sandbox.jdt.cleanup.multifile,UniqueSequenceLocalRewriteResolver.ResolvedPlan,0,24,0,0,0,3,0,1,0,1
sandbox_coverage/sandbox_common,org.sandbox.jdt.cleanup.multifile,MultiFileCandidateOutcome,0,44,0,0,0,9,0,1,0,1
sandbox_coverage/sandbox_common,org.sandbox.jdt.cleanup.multifile,GeneratedNameHierarchyPolicy,70,165,18,24,14,33,15,12,1,5
sandbox_coverage/sandbox_common,org.sandbox.jdt.cleanup.multifile,ContainerParameterRewriteResolver.ResolvedLength,0,17,0,0,0,4,0,1,0,1
sandbox_coverage/sandbox_common,org.sandbox.jdt.cleanup.multifile,UniqueSequenceLocalRewriteResolver.new ASTVisitor() {...},0,68,1,7,0,12,1,6,0,3
sandbox_coverage/sandbox_common,org.sandbox.jdt.cleanup.multifile,ContainerLocalRewriteResolver.new ASTVisitor() {...},14,70,4,8,2,13,3,6,0,3
sandbox_coverage/sandbox_common,org.sandbox.jdt.cleanup.multifile,ContainerParameterRewriteFix.RewriteOperation,2,94,0,2,1,21,1,3,1,2
sandbox_coverage/sandbox_common,org.sandbox.jdt.cleanup.multifile,GeneratedNameAllocator.Namespace,0,54,0,0,0,11,0,1,0,1
sandbox_coverage/sandbox_common,org.sandbox.jdt.cleanup.multifile,UniqueSequenceLocalRewriteFix,5,44,2,4,2,12,2,4,0,3
sandbox_coverage/sandbox_common,org.sandbox.jdt.cleanup.multifile,ContainerLocalRewriteResolver.AppendPair,0,18,0,0,0,1,0,1,0,1
sandbox_coverage/sandbox_common,org.sandbox.jdt.cleanup.multifile,ContainerLocalRewriteResolver,143,907,86,116,29,203,78,55,1,31
sandbox_coverage/sandbox_common,org.sandbox.jdt.cleanup.multifile,ContainerParameterRewriteResolver.SourceRange,0,9,0,0,0,1,0,1,0,1
sandbox_coverage/sandbox_common,org.sandbox.jdt.cleanup.multifile,ContainerFlowScopeSearch,175,348,36,32,44,115,29,22,3,13
sandbox_coverage/sandbox_common,org.sandbox.jdt.cleanup.multifile,GeneratedNameAllocator.new ASTVisitor() {...},0,36,1,5,0,5,1,4,0,2
sandbox_coverage/sandbox_common,org.sandbox.jdt.cleanup.multifile,MultiFileCandidateDiagnostic,2,71,1,1,1,13,1,3,0,3
sandbox_coverage/sandbox_common,org.sandbox.jdt.cleanup.multifile,GeneratedNameAllocator.new ASTVisitor() {...},61,219,6,34,7,32,5,17,0,2
sandbox_coverage/sandbox_common,org.sandbox.jdt.cleanup.multifile,ContainerLocalRewriteResolver.CollectedAst,0,18,0,0,0,4,0,1,0,1
sandbox_coverage/sandbox_common,org.sandbox.jdt.cleanup.multifile,GeneratedNameAllocator.Allocation,0,52,0,0,0,11,0,5,0,5
sandbox_coverage/sandbox_common,org.sandbox.jdt.cleanup.multifile,RelatedCompilationUnitSearch.new SearchRequestor() {...},0,14,0,0,0,3,0,2,0,2
sandbox_coverage/sandbox_common,org.sandbox.jdt.cleanup.multifile,ContainerLocalRewritePlanVerifier,9,78,3,7,2,19,3,5,0,3
sandbox_coverage/sandbox_common,org.sandbox.jdt.cleanup.multifile,MultiFilePlanningBudget.Assessment,4,21,2,4,1,4,2,3,0,2
sandbox_coverage/sandbox_common,org.sandbox.jdt.cleanup.multifile,RelatedCompilationUnitSearch.Result,0,18,0,0,0,4,0,1,0,1
sandbox_coverage/sandbox_common,org.sandbox.jdt.cleanup.multifile,ContainerLocalRewritePlanVerifier.new ASTVisitor() {...},0,33,2,2,0,7,2,2,0,2
sandbox_coverage/sandbox_common,org.sandbox.jdt.cleanup.multifile,MultiFilePlanningBudget,20,201,10,34,6,50,10,16,0,4
sandbox_coverage/sandbox_common,org.sandbox.jdt.cleanup.multifile,GeneratedNameAllocator,94,816,32,66,19,124,29,40,0,20
sandbox_coverage/sandbox_common,org.sandbox.jdt.cleanup.multifile,MultiFileScopeDiagnostic,19,51,3,1,4,9,4,3,2,3
sandbox_coverage/sandbox_common,org.sandbox.jdt.cleanup.multifile,AbstractPlannedMultiFileCleanUp.ScopeAccumulator,45,71,5,9,12,18,5,6,1,3
sandbox_coverage/sandbox_common,org.sandbox.jdt.cleanup.multifile,ContainerLocalRewriteResolver.ResolvedPlan,0,30,0,0,0,4,0,1,0,1
sandbox_coverage/sandbox_common,org.sandbox.jdt.cleanup.multifile,ContainerCleanUpFix,79,0,6,0,17,0,5,0,2,0
sandbox_coverage/sandbox_common,org.sandbox.jdt.cleanup.multifile,RelatedCompilationUnitSearch.MatchAccumulator,18,100,2,6,6,27,3,7,1,5
sandbox_coverage/sandbox_common,org.sandbox.jdt.cleanup.multifile,ContainerLocalArgumentTransferVerifier.new ASTVisitor() {...},20,92,4,10,6,18,4,5,0,2
sandbox_coverage/sandbox_common,org.sandbox.jdt.cleanup.multifile,ContainerParameterRewriteResolver.new ASTVisitor() {...},0,23,1,1,0,4,1,2,0,2
sandbox_coverage/sandbox_common,org.sandbox.jdt.cleanup.multifile,ContainerParameterRewriteResolver.new ASTVisitor() {...},0,32,0,4,0,5,0,4,0,2
sandbox_coverage/sandbox_common,org.sandbox.jdt.cleanup.multifile,GeneratedNameAllocator.Owner,0,9,0,0,0,1,0,1,0,1
sandbox_coverage/sandbox_common,org.sandbox.jdt.cleanup.multifile,SourceRootPolicy,0,44,0,0,0,9,0,1,0,1
sandbox_coverage/sandbox_common,org.sandbox.jdt.cleanup.multifile,ContainerLocalRewriteResolver.ResolvedLength,0,9,0,0,0,1,0,1,0,1
sandbox_coverage/sandbox_common,org.sandbox.jdt.cleanup.multifile.ui,CoordinatedCleanUpPreviewViewer,649,0,74,0,126,0,50,0,13,0
sandbox_coverage/sandbox_common,org.sandbox.jdt.cleanup.multifile.ui,CoordinatedCleanUpPreviewViewer.ComparePreviewer,47,0,2,0,11,0,4,0,3,0
sandbox_coverage/sandbox_common,org.sandbox.jdt.cleanup.multifile.ui,CoordinatedCleanUpPreviewViewer.CompareElement,33,0,0,0,11,0,7,0,7,0
sandbox_coverage/sandbox_common,org.sandbox.jdt.cleanup.multifile.ui,CoordinatedCleanUpPreviewViewer.FilePreview,18,0,0,0,1,0,1,0,1,0
sandbox_coverage/sandbox_common,org.sandbox.jdt.cleanup.multifile.ui,CoordinatedCleanUpPreviewViewer.CandidatePreview,39,0,8,0,6,0,5,0,1,0
sandbox_coverage/sandbox_common,org.sandbox.jdt.cleanup.multifile.ui,CoordinatedCleanUpPreviewViewer.AdaptableViewForm,19,0,2,0,6,0,3,0,2,0
sandbox_coverage/sandbox_common,org.sandbox.jdt.cleanup.multifile.ui,CoordinatedCleanUpPreviewViewer.new LabelProvider() {...},19,0,2,0,2,0,3,0,2,0
sandbox_coverage/sandbox_common,org.sandbox.jdt.triggerpattern.examples,ExampleHintProvider,135,0,12,0,43,0,9,0,3,0
sandbox_coverage/sandbox_common,org.sandbox.jdt.triggerpattern.mining.analysis,CommitAnalysisResult,0,15,0,0,0,1,0,1,0,1
sandbox_coverage/sandbox_common,org.sandbox.jdt.triggerpattern.mining.analysis,DiffHunkRefiner.new ASTVisitor() {...},0,55,0,6,0,10,0,5,0,2
sandbox_coverage/sandbox_common,org.sandbox.jdt.triggerpattern.mining.analysis,InferredRuleValidator.ValidationResult,0,9,0,0,0,1,0,1,0,1
sandbox_coverage/sandbox_common,org.sandbox.jdt.triggerpattern.mining.analysis,CodeChangePair,0,24,0,0,0,1,0,1,0,1
sandbox_coverage/sandbox_common,org.sandbox.jdt.triggerpattern.mining.analysis,AstDiff,0,9,0,0,0,1,0,1,0,1
sandbox_coverage/sandbox_common,org.sandbox.jdt.triggerpattern.mining.analysis,DiffHunk,0,21,0,0,0,1,0,1,0,1
sandbox_coverage/sandbox_common,org.sandbox.jdt.triggerpattern.mining.analysis,RuleGrouper,0,166,0,8,0,27,0,9,0,5
sandbox_coverage/sandbox_common,org.sandbox.jdt.triggerpattern.mining.analysis,CommitAnalysisResult.AnalysisStatus,0,54,0,0,0,11,0,1,0,1
sandbox_coverage/sandbox_common,org.sandbox.jdt.triggerpattern.mining.analysis,AstDiffAnalyzer,15,256,4,38,2,53,4,22,0,5
sandbox_coverage/sandbox_common,org.sandbox.jdt.triggerpattern.mining.analysis,InferredRuleValidator.ValidationStatus,0,54,0,0,0,11,0,1,0,1
sandbox_coverage/sandbox_common,org.sandbox.jdt.triggerpattern.mining.analysis,ImportDiffAnalyzer,0,167,2,24,0,34,2,15,0,4
sandbox_coverage/sandbox_common,org.sandbox.jdt.triggerpattern.mining.analysis,InferredRule,0,21,0,0,0,1,0,1,0,1
sandbox_coverage/sandbox_common,org.sandbox.jdt.triggerpattern.mining.analysis,RuleInferenceEngine,269,405,60,38,68,89,49,19,2,9
sandbox_coverage/sandbox_common,org.sandbox.jdt.triggerpattern.mining.analysis,AlignmentKind,0,44,0,0,0,9,0,1,0,1
sandbox_coverage/sandbox_common,org.sandbox.jdt.triggerpattern.mining.analysis,DiffHunkRefiner,34,358,20,36,8,77,17,24,1,12
sandbox_coverage/sandbox_common,org.sandbox.jdt.triggerpattern.mining.analysis,FileDiff,0,15,0,0,0,1,0,1,0,1
sandbox_coverage/sandbox_common,org.sandbox.jdt.triggerpattern.mining.analysis,InferredRuleValidator,18,80,1,7,4,17,1,5,0,2
sandbox_coverage/sandbox_common,org.sandbox.jdt.triggerpattern.mining.analysis,NodeAlignment,0,12,0,0,0,1,0,1,0,1
sandbox_coverage/sandbox_common,org.sandbox.jdt.triggerpattern.mining.analysis,ConfidenceCalculator,36,169,12,24,5,31,11,20,2,11
sandbox_coverage/sandbox_common,org.sandbox.jdt.triggerpattern.mining.analysis,CommitInfo,0,21,0,0,0,1,0,1,0,1
sandbox_coverage/sandbox_common,org.sandbox.jdt.triggerpattern.mining.analysis,PlaceholderGeneralizer,6,168,10,18,3,38,10,9,0,5
sandbox_coverage/sandbox_common,org.sandbox.jdt.triggerpattern.mining.analysis,RuleGroup,0,15,0,0,0,1,0,1,0,1
sandbox_coverage/sandbox_common,org.sandbox.jdt.triggerpattern.mining.analysis,PlaceholderNamer,2,35,1,3,1,9,1,4,0,3
sandbox_coverage/sandbox_common,org.sandbox.jdt.internal.corext.util,TypeWideningAnalyzer.TypeWideningResult,2,41,2,2,0,11,2,6,0,6
sandbox_coverage/sandbox_common,org.sandbox.jdt.internal.corext.util,ImportUtils,0,8,0,0,0,2,0,1,0,1
sandbox_coverage/sandbox_common,org.sandbox.jdt.internal.corext.util,ASTNavigationUtils,200,27,28,0,44,5,22,4,8,4
sandbox_coverage/sandbox_common,org.sandbox.jdt.internal.corext.util,NamingUtils,114,295,26,40,24,62,22,21,3,7
sandbox_coverage/sandbox_common,org.sandbox.jdt.internal.corext.util,TypeWideningAnalyzer.new ASTVisitor() {...},5,106,7,17,3,22,7,8,0,3
sandbox_coverage/sandbox_common,org.sandbox.jdt.internal.corext.util,TypeWideningAnalyzer.VariableInfo,0,13,0,0,0,3,0,1,0,1
sandbox_coverage/sandbox_common,org.sandbox.jdt.internal.corext.util,ASTNavigationUtils.new ASTVisitor() {...},46,0,4,0,9,0,7,0,5,0
sandbox_coverage/sandbox_common,org.sandbox.jdt.internal.corext.util,TypeCheckingUtils,57,38,18,8,10,9,13,5,2,3
sandbox_coverage/sandbox_common,org.sandbox.jdt.internal.corext.util,VariableResolver,266,118,79,23,68,30,51,7,4,3
sandbox_coverage/sandbox_common,org.sandbox.jdt.internal.corext.util,ExpressionHelper,28,122,9,29,9,35,9,16,1,5
sandbox_coverage/sandbox_common,org.sandbox.jdt.internal.corext.util,TypeWideningAnalyzer,54,612,30,102,12,130,28,50,0,12
sandbox_coverage/sandbox_common,org.sandbox.jdt.internal.corext.util,TypeWideningAnalyzer.VariableDeclarationInfo,0,6,0,0,0,3,0,1,0,1
sandbox_coverage/sandbox_common,org.sandbox.jdt.internal.corext.util,AnnotationUtils,37,62,3,5,6,12,7,7,4,6
sandbox_coverage/sandbox_common,org.sandbox.jdt.triggerpattern.internal,HintRegistry,555,0,78,0,124,0,49,0,10,0
sandbox_coverage/sandbox_common,org.sandbox.jdt.triggerpattern.internal,HintFileRegistry,137,226,23,23,47,61,21,27,6,19
sandbox_coverage/sandbox_common,org.sandbox.jdt.triggerpattern.internal,EmbeddedGuardRegistrar,0,132,0,10,0,34,0,9,0,4
sandbox_coverage/sandbox_common,org.sandbox.jdt.triggerpattern.internal,SandboxCommonPlugin.PlatformLogHolder,4,0,0,0,1,0,1,0,1,0
sandbox_coverage/sandbox_common,org.sandbox.jdt.triggerpattern.internal,HintFileRegistry.new IResourceVisitor() {...},12,80,1,11,4,15,1,7,0,2
sandbox_coverage/sandbox_common,org.sandbox.jdt.triggerpattern.internal,HintRegistry.HintDescriptor,149,0,8,0,44,0,22,0,17,0
sandbox_coverage/sandbox_common,org.sandbox.jdt.triggerpattern.internal,SandboxCommonPlugin,29,148,13,19,7,43,11,13,0,8
sandbox_coverage/sandbox_common,org.sandbox.jdt.triggerpattern.internal,GuardRegistry,90,55,15,1,23,17,8,8,0,8
sandbox_coverage/sandbox_common,org.sandbox.jdt.triggerpattern.internal,EmbeddedFixExecutor,0,90,1,7,0,23,1,8,0,5
sandbox_coverage/sandbox_common,org.sandbox.jdt.internal.corext.fix2,MYCleanUpConstants,3,0,0,0,1,0,1,0,1,0
sandbox_coverage/sandbox_common,org.sandbox.jdt.triggerpattern.debug,SandboxHintLaunchConfigurationType,9,0,0,0,3,0,2,0,2,0
sandbox_coverage/sandbox_common,org.sandbox.jdt.triggerpattern.debug,SandboxHintSourcePathComputer,3,3,0,0,1,1,1,1,1,1
sandbox_coverage/sandbox_common,org.sandbox.jdt.triggerpattern.debug,SandboxHintSourceLocator,0,5,0,0,0,2,0,2,0,2
sandbox_coverage/sandbox_common,org.sandbox.jdt.triggerpattern.editor,SandboxHintOutlinePage.OutlineContentProvider,332,0,52,0,73,0,33,0,7,0
sandbox_coverage/sandbox_common,org.sandbox.jdt.triggerpattern.editor,SandboxHintOutlinePage,95,0,16,0,27,0,13,0,5,0
sandbox_coverage/sandbox_common,org.sandbox.jdt.triggerpattern.editor,SandboxHintCodeScanner.new IWordDetector() {...},0,12,0,0,0,3,0,3,0,3
sandbox_coverage/sandbox_common,org.sandbox.jdt.triggerpattern.editor,SandboxHintContentAssistProcessor,225,388,57,37,47,68,46,22,9,12
sandbox_coverage/sandbox_common,org.sandbox.jdt.triggerpattern.editor,SandboxHintCodeScanner,41,235,5,3,10,47,4,13,1,12
sandbox_coverage/sandbox_common,org.sandbox.jdt.triggerpattern.editor,SandboxHintOutlinePage.ElementType,44,0,0,0,9,0,1,0,1,0
sandbox_coverage/sandbox_common,org.sandbox.jdt.triggerpattern.editor,SingleTokenScanner,10,0,0,0,4,0,1,0,1,0
sandbox_coverage/sandbox_common,org.sandbox.jdt.triggerpattern.editor,SandboxHintContentAssistProcessor.CompletionEntry,0,15,0,0,0,1,0,1,0,1
sandbox_coverage/sandbox_common,org.sandbox.jdt.triggerpattern.editor,EmbeddedJavaSourceLocator,84,0,10,0,20,0,12,0,7,0
sandbox_coverage/sandbox_common,org.sandbox.jdt.triggerpattern.editor,SandboxHintMetadataScanner.new IWordDetector() {...},0,19,1,3,0,3,1,4,0,3
sandbox_coverage/sandbox_common,org.sandbox.jdt.triggerpattern.editor,SandboxHintDocumentProvider,25,0,2,0,9,0,3,0,2,0
sandbox_coverage/sandbox_common,org.sandbox.jdt.triggerpattern.editor,SandboxHintHyperlinkDetector.GuardFunctionHyperlink,43,0,0,0,12,0,5,0,5,0
sandbox_coverage/sandbox_common,org.sandbox.jdt.triggerpattern.editor,SandboxHintFunctionCallRule,0,78,3,13,0,29,3,8,0,3
sandbox_coverage/sandbox_common,org.sandbox.jdt.triggerpattern.editor,PlaceholderRule,31,50,10,8,10,20,7,4,0,2
sandbox_coverage/sandbox_common,org.sandbox.jdt.triggerpattern.editor,OffsetRemappingProposal,119,0,10,0,28,0,16,0,11,0
sandbox_coverage/sandbox_common,org.sandbox.jdt.triggerpattern.editor,EmbeddedJavaSourceLocator.SourceMapping,9,0,0,0,1,0,1,0,1,0
sandbox_coverage/sandbox_common,org.sandbox.jdt.triggerpattern.editor,SandboxHintReconcilingStrategy,290,0,42,0,83,0,33,0,12,0
sandbox_coverage/sandbox_common,org.sandbox.jdt.triggerpattern.editor,SandboxHintRenameParticipant,5,84,2,12,3,21,2,7,0,2
sandbox_coverage/sandbox_common,org.sandbox.jdt.triggerpattern.editor,SandboxHintBreakpointAdapter,268,0,36,0,77,0,30,0,12,0
sandbox_coverage/sandbox_common,org.sandbox.jdt.triggerpattern.editor,SandboxHintOrganizeImports,3,151,1,21,1,44,1,14,0,4
sandbox_coverage/sandbox_common,org.sandbox.jdt.triggerpattern.editor,SandboxHintPartitionScanner,0,75,0,0,0,16,0,2,0,2
sandbox_coverage/sandbox_common,org.sandbox.jdt.triggerpattern.editor,SandboxHintOutlinePage.OutlineLabelProvider,15,0,2,0,4,0,3,0,2,0
sandbox_coverage/sandbox_common,org.sandbox.jdt.triggerpattern.editor,SandboxHintSourceViewerConfiguration,181,33,4,0,42,11,8,2,6,2
sandbox_coverage/sandbox_common,org.sandbox.jdt.triggerpattern.editor,SandboxHintHyperlinkDetector,247,0,52,0,60,0,32,0,6,0
sandbox_coverage/sandbox_common,org.sandbox.jdt.triggerpattern.editor,SandboxHintTemplateStore,0,52,0,0,0,27,0,2,0,2
sandbox_coverage/sandbox_common,org.sandbox.jdt.triggerpattern.editor,SandboxHintFoldingProvider,167,0,20,0,40,0,12,0,2,0
sandbox_coverage/sandbox_common,org.sandbox.jdt.triggerpattern.editor,SandboxHintAnnotationHover,65,0,14,0,18,0,9,0,2,0
sandbox_coverage/sandbox_common,org.sandbox.jdt.triggerpattern.editor,SandboxHintEditor,130,0,14,0,38,0,14,0,7,0
sandbox_coverage/sandbox_common,org.sandbox.jdt.triggerpattern.editor,SandboxHintJavaFormatter,168,0,24,0,49,0,15,0,3,0
sandbox_coverage/sandbox_common,org.sandbox.jdt.triggerpattern.editor,SandboxHintOutlinePage.OutlineElement,18,0,0,0,1,0,1,0,1,0
sandbox_coverage/sandbox_common,org.sandbox.jdt.triggerpattern.editor,SandboxHintMetadataScanner,0,147,0,0,0,28,0,8,0,8
sandbox_coverage/sandbox_common,org.sandbox.jdt.triggerpattern.editor,OperatorRule,5,50,1,7,1,13,1,5,0,2
sandbox_coverage/sandbox_common,org.sandbox.jdt.triggerpattern.editor,EmbeddedJavaContentAssistProcessor,307,8,28,0,79,3,24,2,10,2
sandbox_coverage/sandbox_common,org.sandbox.jdt.triggerpattern.eclipse,HintMarkerManager,82,0,10,0,20,0,9,0,4,0
sandbox_coverage/sandbox_common,org.sandbox.jdt.triggerpattern.eclipse,HintFinding,17,59,6,3,5,13,5,3,0,3
sandbox_coverage/sandbox_common,org.sandbox.jdt.triggerpattern.eclipse,HintMarkerReporter,0,47,0,2,0,10,0,3,0,2
sandbox_coverage/sandbox_common,org.sandbox.jdt.triggerpattern.eclipse,HintContext,86,109,11,7,20,24,13,8,6,6
sandbox_coverage/sandbox_common,org.sandbox.jdt.triggerpattern.eclipse,CleanUpResult,6,41,0,4,2,9,1,8,1,6
sandbox_coverage/sandbox_cleanup_application,org.sandbox.jdt.core.cleanupapp,CleanupInputCollector,26,271,2,29,5,55,2,25,0,11
sandbox_coverage/sandbox_cleanup_application,org.sandbox.jdt.core.cleanupapp,ProjectSnapshot.Entry,0,31,0,0,0,6,0,2,0,2
sandbox_coverage/sandbox_cleanup_application,org.sandbox.jdt.core.cleanupapp,HeadlessProjectWideCodeCleanupApplication,37,0,4,0,11,0,5,0,3,0
sandbox_coverage/sandbox_cleanup_application,org.sandbox.jdt.core.cleanupapp,CompilationUnitProjectGrouper.Input,0,17,0,0,0,4,0,1,0,1
sandbox_coverage/sandbox_cleanup_application,org.sandbox.jdt.core.cleanupapp,CodeCleanupApplication.CleanupMode,0,34,0,0,0,7,0,1,0,1
sandbox_coverage/sandbox_cleanup_application,org.sandbox.jdt.core.cleanupapp,ProjectWideCodeCleanupApplication.ResourceSnapshot,15,0,0,0,1,0,1,0,1,0
sandbox_coverage/sandbox_cleanup_application,org.sandbox.jdt.core.cleanupapp,ScopeFilteringCodeCleanupApplicationWrapper.RequestedScope,0,44,0,0,0,2,0,1,0,1
sandbox_coverage/sandbox_cleanup_application,org.sandbox.jdt.core.cleanupapp,Messages,16,21,0,0,2,5,2,4,2,4
sandbox_coverage/sandbox_cleanup_application,org.sandbox.jdt.core.cleanupapp,PdeManifestImportUpdater,14,286,9,45,5,62,9,26,0,8
sandbox_coverage/sandbox_cleanup_application,org.sandbox.jdt.core.cleanupapp,CleanupInputCollector.Diagnostic,4,17,2,2,0,4,2,1,0,1
sandbox_coverage/sandbox_cleanup_application,org.sandbox.jdt.core.cleanupapp,CompilationUnitProjectGrouper.ResolutionException,7,0,0,0,3,0,1,0,1,0
sandbox_coverage/sandbox_cleanup_application,org.sandbox.jdt.core.cleanupapp,CompilationUnitProjectGrouper,69,180,13,15,16,38,12,10,2,6
sandbox_coverage/sandbox_cleanup_application,org.sandbox.jdt.core.cleanupapp,CodeCleanupApplication,1185,676,160,92,245,193,107,49,12,13
sandbox_coverage/sandbox_cleanup_application,org.sandbox.jdt.core.cleanupapp,ProjectSnapshot.RestoreException,0,13,0,0,0,4,0,2,0,2
sandbox_coverage/sandbox_cleanup_application,org.sandbox.jdt.core.cleanupapp,CleanupSourceSetClassifier,65,169,26,26,15,31,21,15,1,9
sandbox_coverage/sandbox_cleanup_application,org.sandbox.jdt.core.cleanupapp,ProjectWideCodeCleanupApplication.ChangedFile,12,0,0,0,1,0,1,0,1,0
sandbox_coverage/sandbox_cleanup_application,org.sandbox.jdt.core.cleanupapp,CompilationUnitProjectGrouper.Result,0,15,0,0,0,4,0,1,0,1
sandbox_coverage/sandbox_cleanup_application,org.sandbox.jdt.core.cleanupapp,CompilationUnitProjectGrouper.Diagnostic,6,24,3,3,0,5,3,1,0,1
sandbox_coverage/sandbox_cleanup_application,org.sandbox.jdt.core.cleanupapp,CodeCleanupApplication.CleanupScope,0,34,0,0,0,2,0,1,0,1
sandbox_coverage/sandbox_cleanup_application,org.sandbox.jdt.core.cleanupapp,ProjectWideCodeCleanupApplication.SourceSnapshot,18,0,0,0,1,0,1,0,1,0
sandbox_coverage/sandbox_cleanup_application,org.sandbox.jdt.core.cleanupapp,ProjectSnapshot.Verification,2,22,1,1,0,3,1,1,0,1
sandbox_coverage/sandbox_cleanup_application,org.sandbox.jdt.core.cleanupapp,CodeCleanupApplicationWrapper,161,144,29,17,36,34,20,11,2,6
sandbox_coverage/sandbox_cleanup_application,org.sandbox.jdt.core.cleanupapp,ScopeFilteringCodeCleanupApplicationWrapper.ArgumentContext,62,0,0,0,17,0,10,0,10,0
sandbox_coverage/sandbox_cleanup_application,org.sandbox.jdt.core.cleanupapp,ScopeFilteringCodeCleanupApplicationWrapper,139,297,31,41,37,69,25,24,0,13
sandbox_coverage/sandbox_cleanup_application,org.sandbox.jdt.core.cleanupapp,CleanupInputCollector.Result,0,15,0,0,0,4,0,1,0,1
sandbox_coverage/sandbox_cleanup_application,org.sandbox.jdt.core.cleanupapp,CleanupSourceSetClassifier.SourceSet,0,34,0,0,0,2,0,1,0,1
sandbox_coverage/sandbox_cleanup_application,org.sandbox.jdt.core.cleanupapp,ScopeFilteringCodeCleanupApplicationWrapper.FilteredArguments,0,18,0,0,0,4,0,2,0,2
sandbox_coverage/sandbox_cleanup_application,org.sandbox.jdt.core.cleanupapp,CodeCleanupApplicationWrapper.ForwardingApplicationContext,36,30,0,0,10,8,8,2,8,2
sandbox_coverage/sandbox_cleanup_application,org.sandbox.jdt.core.cleanupapp,CodeCleanupApplicationWrapper.ImportRequest,0,18,0,0,0,4,0,2,0,2
sandbox_coverage/sandbox_cleanup_application,org.sandbox.jdt.core.cleanupapp,ProjectSnapshot,10,305,1,25,3,52,1,20,0,8
sandbox_coverage/sandbox_cleanup_application,org.sandbox.jdt.core.cleanupapp,CompilationUnitProjectGrouper.ProjectGroup,0,23,0,0,0,5,0,2,0,2
sandbox_coverage/sandbox_cleanup_application,org.sandbox.jdt.core.cleanupapp,CompilationUnitProjectGrouper.ProjectAccumulator,6,47,2,2,2,11,2,3,0,3
sandbox_coverage/sandbox_cleanup_application,org.sandbox.jdt.core.cleanupapp,ProjectWideCodeCleanupApplication.Mode,24,0,0,0,3,0,1,0,1,0
sandbox_coverage/sandbox_cleanup_application,org.sandbox.jdt.core.cleanupapp,ProjectWideCodeCleanupApplication,1764,0,196,0,335,0,132,0,28,0
sandbox_coverage/sandbox_cleanup_application,org.sandbox.jdt.core.cleanupapp,CodeCleanupApplicationWrapper.Messages,22,12,0,0,2,4,2,3,2,3
sandbox_coverage/sandbox_cleanup_application,org.sandbox.jdt.core.cleanupapp,ProjectWideCodeCleanupApplication.Arguments,21,0,0,0,1,0,1,0,1,0
sandbox_coverage/sandbox-functional-converter-core,org.sandbox.functional.core.builder,StreamCodeBuilder,0,78,3,7,0,16,3,7,0,4
sandbox_coverage/sandbox-functional-converter-core,org.sandbox.functional.core.builder,LoopModelBuilder,7,348,2,8,3,70,3,38,1,35
sandbox_coverage/sandbox-functional-converter-core,org.sandbox.functional.core.model,ElementDescriptor,6,12,0,0,2,1,1,1,1,1
sandbox_coverage/sandbox-functional-converter-core,org.sandbox.functional.core.model,SourceDescriptor,0,12,0,0,0,1,0,1,0,1
sandbox_coverage/sandbox-functional-converter-core,org.sandbox.functional.core.model,SourceDescriptor.SourceType,0,45,0,0,0,8,0,1,0,1
sandbox_coverage/sandbox-functional-converter-core,org.sandbox.functional.core.model,LoopModelVisualizer,127,856,31,76,22,161,29,41,0,10
sandbox_coverage/sandbox-functional-converter-core,org.sandbox.functional.core.model,LoopMetadata,0,54,0,10,0,3,0,8,0,3
sandbox_coverage/sandbox-functional-converter-core,org.sandbox.functional.core.model,LoopModel,5,181,8,10,2,39,8,18,0,17
sandbox_coverage/sandbox-functional-converter-core,org.sandbox.functional.core.operation,DistinctOp,0,7,0,0,0,3,0,3,0,3
sandbox_coverage/sandbox-functional-converter-core,org.sandbox.functional.core.operation,PeekOp,0,8,0,0,0,2,0,2,0,2
sandbox_coverage/sandbox-functional-converter-core,org.sandbox.functional.core.operation,FilterOp,2,82,2,10,0,20,2,14,0,10
sandbox_coverage/sandbox-functional-converter-core,org.sandbox.functional.core.operation,SortOp,0,15,0,0,0,5,0,4,0,4
sandbox_coverage/sandbox-functional-converter-core,org.sandbox.functional.core.operation,MapOp,65,97,15,5,8,28,11,15,2,14
sandbox_coverage/sandbox-functional-converter-core,org.sandbox.functional.core.operation,FlatMapOp,0,8,0,0,0,2,0,2,0,2
sandbox_coverage/sandbox-functional-converter-core,org.sandbox.functional.core.operation,LimitOp,0,12,0,0,0,3,0,3,0,3
sandbox_coverage/sandbox-functional-converter-core,org.sandbox.functional.core.operation,SkipOp,0,12,0,0,0,3,0,3,0,3
sandbox_coverage/sandbox-functional-converter-core,org.sandbox.functional.core.renderer,StreamPipelineRenderer,16,0,0,0,2,0,2,0,2,0
sandbox_coverage/sandbox-functional-converter-core,org.sandbox.functional.core.renderer,ASTAwareRenderer,15,0,0,0,3,0,3,0,3,0
sandbox_coverage/sandbox-functional-converter-core,org.sandbox.functional.core.renderer,StringRenderer,12,315,11,36,5,60,11,37,0,20
sandbox_coverage/sandbox-functional-converter-core,org.sandbox.functional.core.terminal,MatchTerminal,0,19,0,3,0,5,0,4,0,2
sandbox_coverage/sandbox-functional-converter-core,org.sandbox.functional.core.terminal,MatchTerminal.MatchType,0,21,0,0,0,4,0,1,0,1
sandbox_coverage/sandbox-functional-converter-core,org.sandbox.functional.core.terminal,ForEachTerminal,0,21,0,2,0,4,0,4,0,3
sandbox_coverage/sandbox-functional-converter-core,org.sandbox.functional.core.terminal,CountTerminal,0,5,0,0,0,2,0,2,0,2
sandbox_coverage/sandbox-functional-converter-core,org.sandbox.functional.core.terminal,ReduceTerminal.ReduceType,0,45,0,0,0,8,0,1,0,1
sandbox_coverage/sandbox-functional-converter-core,org.sandbox.functional.core.terminal,FindTerminal,0,13,0,2,0,2,0,3,0,2
sandbox_coverage/sandbox-functional-converter-core,org.sandbox.functional.core.terminal,ReduceTerminal,0,28,0,0,0,4,0,3,0,3
sandbox_coverage/sandbox-functional-converter-core,org.sandbox.functional.core.terminal,CollectTerminal.CollectorType,0,39,0,0,0,7,0,1,0,1
sandbox_coverage/sandbox-functional-converter-core,org.sandbox.functional.core.terminal,CollectTerminal,0,31,0,4,0,5,0,6,0,4
sandbox_coverage/sandbox-functional-converter-core,org.sandbox.functional.core.transformer,LoopModelTransformer,0,262,1,31,0,37,1,25,0,5
sandbox_coverage/sandbox-functional-converter-core,org.sandbox.functional.core.tree,LoopTreeNode,18,83,4,6,2,27,4,16,2,13
sandbox_coverage/sandbox-functional-converter-core,org.sandbox.functional.core.tree,LoopKind,0,33,0,0,0,6,0,1,0,1
sandbox_coverage/sandbox-functional-converter-core,org.sandbox.functional.core.tree,ScopeInfo,6,90,1,1,1,20,2,8,1,8
sandbox_coverage/sandbox-functional-converter-core,org.sandbox.functional.core.tree,ConversionDecision,0,27,0,0,0,5,0,1,0,1
sandbox_coverage/sandbox-functional-converter-core,org.sandbox.functional.core.tree,LoopTree,1,127,1,11,0,26,1,13,0,8
sandbox_coverage/sandbox_encoding_quickfix,org.sandbox.jdt.internal.ui.preferences.cleanup,CleanUpMessages,7,0,0,0,3,0,2,0,2,0
sandbox_coverage/sandbox_encoding_quickfix,org.sandbox.jdt.internal.ui.preferences.cleanup,DefaultCleanUpOptionsInitializer,0,20,0,0,0,6,0,2,0,2
sandbox_coverage/sandbox_encoding_quickfix,org.sandbox.jdt.internal.ui.preferences.cleanup,SaveActionCleanUpOptionsInitializer,20,0,0,0,6,0,2,0,2,0
sandbox_coverage/sandbox_encoding_quickfix,org.sandbox.jdt.internal.ui.preferences.cleanup,SandboxCodeTabPage,101,0,0,0,19,0,4,0,4,0
sandbox_coverage/sandbox_encoding_quickfix,org.sandbox.jdt.internal.corext.fix,UseExplicitEncodingFixCore,52,351,6,0,7,33,4,6,1,6
sandbox_coverage/sandbox_encoding_quickfix,org.sandbox.jdt.internal.corext.fix,UseExplicitEncodingFixCore.new CompilationUnitRewriteOperationsFixCore.CompilationUnitRewriteOperation() {...},0,54,0,0,0,5,0,2,0,2
sandbox_coverage/sandbox_encoding_quickfix,org.sandbox.jdt.internal.corext.fix,UseExplicitEncodingFixCore.new TargetSourceRangeComputer() {...},0,21,0,2,0,4,0,3,0,2
sandbox_coverage/sandbox_encoding_quickfix,org.sandbox.jdt.internal.ui.fix,MultiFixMessages,3,4,0,0,1,2,1,1,1,1
sandbox_coverage/sandbox_encoding_quickfix,org.sandbox.jdt.internal.ui.fix,UseExplicitEncodingCleanUpCore,67,191,10,30,11,52,13,18,3,8
sandbox_coverage/sandbox_encoding_quickfix,org.sandbox.jdt.internal.ui.fix,UseExplicitEncodingCleanUp,0,11,0,0,0,4,0,2,0,2
sandbox_coverage/sandbox_encoding_quickfix,org.sandbox.jdt.internal.corext.fix.helper,URLDecoderDecodeExplicitEncoding,15,208,8,16,9,44,8,12,1,6
sandbox_coverage/sandbox_encoding_quickfix,org.sandbox.jdt.internal.corext.fix.helper,ChannelsNewWriterExplicitEncoding,11,163,6,12,5,35,6,10,1,6
sandbox_coverage/sandbox_encoding_quickfix,org.sandbox.jdt.internal.corext.fix.helper,EncodingDslRemovedCatchImportCleanup.new ASTVisitor() {...},0,34,0,6,0,4,0,5,0,2
sandbox_coverage/sandbox_encoding_quickfix,org.sandbox.jdt.internal.corext.fix.helper,EncodingDslRemovedCatchImportCleanup.new ASTVisitor() {...},0,25,0,2,0,3,0,3,0,2
sandbox_coverage/sandbox_encoding_quickfix,org.sandbox.jdt.internal.corext.fix.helper,ByteArrayOutputStreamExplicitEncoding,23,178,8,11,11,38,7,10,1,6
sandbox_coverage/sandbox_encoding_quickfix,org.sandbox.jdt.internal.corext.fix.helper,AbstractExplicitEncoding.NodeData,0,12,0,0,0,1,0,1,0,1
sandbox_coverage/sandbox_encoding_quickfix,org.sandbox.jdt.internal.corext.fix.helper,FilesReadAllLinesExplicitEncoding,12,158,6,8,5,38,6,8,1,6
sandbox_coverage/sandbox_encoding_quickfix,org.sandbox.jdt.internal.corext.fix.helper,URLEncoderEncodeExplicitEncoding,15,210,8,16,9,45,8,12,1,6
sandbox_coverage/sandbox_encoding_quickfix,org.sandbox.jdt.internal.corext.fix.helper,CharsetForNameExplicitEncoding,133,9,13,1,31,3,12,2,5,2
sandbox_coverage/sandbox_encoding_quickfix,org.sandbox.jdt.internal.corext.fix.helper,FileReaderExplicitEncoding,38,113,8,1,11,25,6,6,1,6
sandbox_coverage/sandbox_encoding_quickfix,org.sandbox.jdt.internal.corext.fix.helper,PropertiesStoreToXMLExplicitEncoding,34,138,7,8,10,33,7,8,1,6
sandbox_coverage/sandbox_encoding_quickfix,org.sandbox.jdt.internal.corext.fix.helper,FileWriterExplicitEncoding,8,106,2,0,3,22,2,6,1,6
sandbox_coverage/sandbox_encoding_quickfix,org.sandbox.jdt.internal.corext.fix.helper,ChangeBehavior.new ChangeBehavior() {...},4,18,0,2,2,4,1,3,1,2
sandbox_coverage/sandbox_encoding_quickfix,org.sandbox.jdt.internal.corext.fix.helper,FormatterExplicitEncoding,92,165,20,9,23,40,15,9,2,7
sandbox_coverage/sandbox_encoding_quickfix,org.sandbox.jdt.internal.corext.fix.helper,ChangeBehavior.new ChangeBehavior() {...},4,21,0,2,2,7,1,3,1,2
sandbox_coverage/sandbox_encoding_quickfix,org.sandbox.jdt.internal.corext.fix.helper,ChangeBehavior.new ChangeBehavior() {...},21,140,1,5,5,30,2,4,1,2
sandbox_coverage/sandbox_encoding_quickfix,org.sandbox.jdt.internal.corext.fix.helper,FilesNewBufferedReaderExplicitEncoding,12,158,6,8,5,38,6,8,1,6
sandbox_coverage/sandbox_encoding_quickfix,org.sandbox.jdt.internal.corext.fix.helper,PrintStreamExplicitEncoding,178,18,14,0,39,7,13,2,5,2
sandbox_coverage/sandbox_encoding_quickfix,org.sandbox.jdt.internal.corext.fix.helper,InputStreamReaderExplicitEncoding,8,155,4,9,3,37,4,10,1,6
sandbox_coverage/sandbox_encoding_quickfix,org.sandbox.jdt.internal.corext.fix.helper,OutputStreamWriterExplicitEncoding,8,153,3,10,3,37,3,11,1,6
sandbox_coverage/sandbox_encoding_quickfix,org.sandbox.jdt.internal.corext.fix.helper,StringGetBytesExplicitEncoding,10,150,4,9,5,36,4,10,1,6
sandbox_coverage/sandbox_encoding_quickfix,org.sandbox.jdt.internal.corext.fix.helper,FilesReadStringExplicitEncoding,12,164,6,10,5,40,6,9,1,6
sandbox_coverage/sandbox_encoding_quickfix,org.sandbox.jdt.internal.corext.fix.helper,ChannelsNewReaderExplicitEncoding,11,161,6,12,5,36,6,10,1,6
sandbox_coverage/sandbox_encoding_quickfix,org.sandbox.jdt.internal.corext.fix.helper,AbstractExplicitEncoding,203,509,50,44,44,122,41,29,4,19
sandbox_coverage/sandbox_encoding_quickfix,org.sandbox.jdt.internal.corext.fix.helper,PrintWriterExplicitEncoding,8,129,2,2,3,27,2,7,1,6
sandbox_coverage/sandbox_encoding_quickfix,org.sandbox.jdt.internal.corext.fix.helper,ChangeBehavior,22,140,2,6,6,26,3,7,1,5
sandbox_coverage/sandbox_encoding_quickfix,org.sandbox.jdt.internal.corext.fix.helper,StringExplicitEncoding,13,185,6,13,5,42,6,11,1,6
sandbox_coverage/sandbox_encoding_quickfix,org.sandbox.jdt.internal.corext.fix.helper,EncodingDslRemovedCatchImportCleanup,0,197,4,32,0,41,4,22,0,8
sandbox_coverage/sandbox_encoding_quickfix,org.sandbox.jdt.internal.corext.fix.helper,FilesWriteStringExplicitEncoding,20,172,7,11,6,43,7,9,1,6
sandbox_coverage/sandbox_encoding_quickfix,org.sandbox.jdt.internal.corext.fix.helper,ScannerExplicitEncoding,11,191,9,18,6,45,9,13,1,7
sandbox_coverage/sandbox_encoding_quickfix,org.sandbox.jdt.internal.corext.fix.helper,AbstractExplicitEncoding.new ASTVisitor() {...},0,44,1,7,0,7,1,5,0,2
sandbox_coverage/sandbox_encoding_quickfix,org.sandbox.jdt.internal.corext.fix.helper,FilesNewBufferedWriterExplicitEncoding,20,166,7,9,6,41,7,8,1,6
sandbox_coverage/sandbox_platform_helper,org.sandbox.jdt.internal.ui.preferences.cleanup,CleanUpMessages,7,0,0,0,3,0,2,0,2,0
sandbox_coverage/sandbox_platform_helper,org.sandbox.jdt.internal.ui.preferences.cleanup,DefaultCleanUpOptionsInitializer,0,8,0,0,0,3,0,2,0,2
sandbox_coverage/sandbox_platform_helper,org.sandbox.jdt.internal.ui.preferences.cleanup,SaveActionCleanUpOptionsInitializer,8,0,0,0,3,0,2,0,2,0
sandbox_coverage/sandbox_platform_helper,org.sandbox.jdt.internal.ui.preferences.cleanup,SandboxCodeTabPage,48,0,0,0,12,0,4,0,4,0
sandbox_coverage/sandbox_platform_helper,org.sandbox.jdt.internal.corext.fix,SimplifyPlatformStatusFixCore.new TargetSourceRangeComputer() {...},0,21,0,2,0,4,0,3,0,2
sandbox_coverage/sandbox_platform_helper,org.sandbox.jdt.internal.corext.fix,SimplifyPlatformStatusFixCore,5,90,0,0,1,13,1,5,1,5
sandbox_coverage/sandbox_platform_helper,org.sandbox.jdt.internal.corext.fix,SimplifyPlatformStatusFixCore.new CompilationUnitRewriteOperationsFixCore.CompilationUnitRewriteOperationWithSourceRange() {...},0,74,0,4,0,14,0,4,0,2
sandbox_coverage/sandbox_platform_helper,org.sandbox.jdt.internal.ui.fix,SimplifyPlatformStatusCleanUpCore,59,99,5,11,13,24,8,9,3,6
sandbox_coverage/sandbox_platform_helper,org.sandbox.jdt.internal.ui.fix,MultiFixMessages,3,4,0,0,1,2,1,1,1,1
sandbox_coverage/sandbox_platform_helper,org.sandbox.jdt.internal.ui.fix,SimplifyPlatformStatusCleanUp,0,11,0,0,0,4,0,2,0,2
sandbox_coverage/sandbox_platform_helper,org.sandbox.jdt.internal.corext.fix.helper,StatusWarningSimplifyPlatformStatus,6,5,2,0,3,2,2,1,1,1
sandbox_coverage/sandbox_platform_helper,org.sandbox.jdt.internal.corext.fix.helper,StatusInfoSimplifyPlatformStatus,6,5,2,0,3,2,2,1,1,1
sandbox_coverage/sandbox_platform_helper,org.sandbox.jdt.internal.corext.fix.helper,AbstractSimplifyPlatformStatus,57,570,27,75,17,125,26,41,1,15
sandbox_coverage/sandbox_platform_helper,org.sandbox.jdt.internal.corext.fix.helper,StatusErrorSimplifyPlatformStatus,6,5,2,0,3,2,2,1,1,1
sandbox_coverage/sandbox_platform_helper,org.sandbox.jdt.internal.corext.fix.helper,MultiStatusSimplifyPlatformStatus,20,227,9,19,6,56,9,11,1,5
sandbox_coverage/sandbox_functional_converter,org.sandbox.jdt.internal.ui.preferences.cleanup,SaveActionCleanUpOptionsInitializer,48,0,0,0,13,0,2,0,2,0
sandbox_coverage/sandbox_functional_converter,org.sandbox.jdt.internal.ui.preferences.cleanup,CleanUpMessages,7,0,0,0,3,0,2,0,2,0
sandbox_coverage/sandbox_functional_converter,org.sandbox.jdt.internal.ui.preferences.cleanup,DefaultCleanUpOptionsInitializer,0,48,0,0,0,13,0,2,0,2
sandbox_coverage/sandbox_functional_converter,org.sandbox.jdt.internal.ui.preferences.cleanup,SandboxCodeTabPage,139,0,0,0,30,0,4,0,4,0
sandbox_coverage/sandbox_functional_converter,org.sandbox.jdt.internal.corext.fix,UseFunctionalCallFixCore.new CompilationUnitRewriteOperationsFixCore.CompilationUnitRewriteOperation() {...},41,0,2,0,14,0,3,0,2,0
sandbox_coverage/sandbox_functional_converter,org.sandbox.jdt.internal.corext.fix,UseFunctionalCallFixCore.new CompilationUnitRewriteOperationsFixCore.CompilationUnitRewriteOperation() {...},0,43,0,0,0,5,0,2,0,2
sandbox_coverage/sandbox_functional_converter,org.sandbox.jdt.internal.corext.fix,UseFunctionalCallFixCore.new TargetSourceRangeComputer() {...},8,13,1,1,1,3,1,2,0,2
sandbox_coverage/sandbox_functional_converter,org.sandbox.jdt.internal.corext.fix,UseFunctionalCallFixCore,11,122,0,0,2,21,2,4,2,4
sandbox_coverage/sandbox_functional_converter,org.sandbox.jdt.internal.ui.fix,MultiFixMessages,3,4,0,0,1,2,1,1,1,1
sandbox_coverage/sandbox_functional_converter,org.sandbox.jdt.internal.ui.fix,UseFunctionalCallCleanUp,0,12,0,0,0,4,0,2,0,2
sandbox_coverage/sandbox_functional_converter,org.sandbox.jdt.internal.ui.fix,UseFunctionalCallCleanUpCore,138,226,21,42,28,53,17,27,2,10
sandbox_coverage/sandbox_functional_converter,org.sandbox.jdt.internal.corext.fix.helper,FunctionalHolder,17,0,0,0,8,0,5,0,5,0
sandbox_coverage/sandbox_functional_converter,org.sandbox.jdt.internal.corext.fix.helper,LoopBodyParser.ParseResult,0,40,0,0,0,13,0,7,0,7
sandbox_coverage/sandbox_functional_converter,org.sandbox.jdt.internal.corext.fix.helper,IteratorLoopBodyParser.ParsedBody,0,12,0,0,0,1,0,1,0,1
sandbox_coverage/sandbox_functional_converter,org.sandbox.jdt.internal.corext.fix.helper,Refactorer,233,0,38,0,61,0,24,0,5,0
sandbox_coverage/sandbox_functional_converter,org.sandbox.jdt.internal.corext.fix.helper,LoopBodyScopeScanner.new ASTVisitor() {...},2,43,1,1,0,11,1,7,0,7
sandbox_coverage/sandbox_functional_converter,org.sandbox.jdt.internal.corext.fix.helper,LoopBodyScopeScanner.new ASTVisitor() {...},2,76,1,13,0,20,1,12,0,6
sandbox_coverage/sandbox_functional_converter,org.sandbox.jdt.internal.corext.fix.helper,LambdaCaptureSafety.new ASTVisitor() {...},16,17,3,1,4,3,3,2,1,2
sandbox_coverage/sandbox_functional_converter,org.sandbox.jdt.internal.corext.fix.helper,IteratorWhileHandler.IteratorConversion,0,12,0,0,0,1,0,1,0,1
sandbox_coverage/sandbox_functional_converter,org.sandbox.jdt.internal.corext.fix.helper,LambdaCaptureSafety.new ASTVisitor() {...},6,66,1,15,2,13,1,9,0,2
sandbox_coverage/sandbox_functional_converter,org.sandbox.jdt.internal.corext.fix.helper,SafeEnhancedForHandler,59,891,41,116,22,197,40,58,0,19
sandbox_coverage/sandbox_functional_converter,org.sandbox.jdt.internal.corext.fix.helper,LambdaCaptureSafety.new ASTVisitor() {...},0,37,1,5,0,7,1,4,0,2
sandbox_coverage/sandbox_functional_converter,org.sandbox.jdt.internal.corext.fix.helper,TraditionalForHandler.new ASTVisitor() {...},0,28,0,2,0,5,0,3,0,2
sandbox_coverage/sandbox_functional_converter,org.sandbox.jdt.internal.corext.fix.helper,TraditionalForHandler.new ASTVisitor() {...},0,54,0,4,0,11,0,4,0,2
sandbox_coverage/sandbox_functional_converter,org.sandbox.jdt.internal.corext.fix.helper,TraditionalForHandler.new ASTVisitor() {...},21,9,0,0,6,1,3,1,3,1
sandbox_coverage/sandbox_functional_converter,org.sandbox.jdt.internal.corext.fix.helper,ConsecutiveLoopGroupDetector.ConsecutiveLoopGroup,25,0,0,0,7,0,4,0,4,0
sandbox_coverage/sandbox_functional_converter,org.sandbox.jdt.internal.corext.fix.helper,IteratorWhileToEnhancedFor,14,163,9,9,6,38,9,6,1,5
sandbox_coverage/sandbox_functional_converter,org.sandbox.jdt.internal.corext.fix.helper,StatementHandlerType.new StatementHandlerType() {...},78,0,8,0,23,0,7,0,3,0
sandbox_coverage/sandbox_functional_converter,org.sandbox.jdt.internal.corext.fix.helper,StatementHandlerType.new StatementHandlerType() {...},166,0,18,0,47,0,15,0,6,0
sandbox_coverage/sandbox_functional_converter,org.sandbox.jdt.internal.corext.fix.helper,StatementHandlerType.new StatementHandlerType() {...},62,0,10,0,16,0,8,0,3,0
sandbox_coverage/sandbox_functional_converter,org.sandbox.jdt.internal.corext.fix.helper,StatementHandlerType.new StatementHandlerType() {...},134,0,20,0,33,0,15,0,5,0
sandbox_coverage/sandbox_functional_converter,org.sandbox.jdt.internal.corext.fix.helper,ProspectiveOperation,463,108,65,1,106,35,50,11,17,11
sandbox_coverage/sandbox_functional_converter,org.sandbox.jdt.internal.corext.fix.helper,JdtLoopExtractor.ExtractedLoop,0,9,0,0,0,4,0,1,0,1
sandbox_coverage/sandbox_functional_converter,org.sandbox.jdt.internal.corext.fix.helper,PipelineAssembler,550,0,60,0,132,0,52,0,22,0
sandbox_coverage/sandbox_functional_converter,org.sandbox.jdt.internal.corext.fix.helper,ReducerType,190,168,34,4,43,39,32,5,10,4
sandbox_coverage/sandbox_functional_converter,org.sandbox.jdt.internal.corext.fix.helper,StreamConcatRefactorer,516,0,64,0,134,0,42,0,10,0
sandbox_coverage/sandbox_functional_converter,org.sandbox.jdt.internal.corext.fix.helper,CollectPatternDetector.new ASTVisitor() {...},70,0,12,0,17,0,9,0,3,0
sandbox_coverage/sandbox_functional_converter,org.sandbox.jdt.internal.corext.fix.helper,StreamPipelineBuilder,527,0,100,0,123,0,69,0,19,0
sandbox_coverage/sandbox_functional_converter,org.sandbox.jdt.internal.corext.fix.helper,AbstractFunctionalCall,0,3,0,0,0,1,0,1,0,1
sandbox_coverage/sandbox_functional_converter,org.sandbox.jdt.internal.corext.fix.helper,JdtLoopExtractor.new ASTVisitor() {...},2,36,2,4,1,7,2,3,0,2
sandbox_coverage/sandbox_functional_converter,org.sandbox.jdt.internal.corext.fix.helper,TraditionalForHandler,142,424,57,55,43,120,46,24,1,13
sandbox_coverage/sandbox_functional_converter,org.sandbox.jdt.internal.corext.fix.helper,IteratorPatternDetector,32,240,17,29,16,57,17,14,0,8
sandbox_coverage/sandbox_functional_converter,org.sandbox.jdt.internal.corext.fix.helper,CollectionModificationDetector,66,401,27,57,14,79,24,29,0,11
sandbox_coverage/sandbox_functional_converter,org.sandbox.jdt.internal.corext.fix.helper,LoopBodyParser,691,0,128,0,179,0,75,0,11,0
sandbox_coverage/sandbox_functional_converter,org.sandbox.jdt.internal.corext.fix.helper,LoopTargetFormat,0,77,0,6,0,17,0,7,0,4
sandbox_coverage/sandbox_functional_converter,org.sandbox.jdt.internal.corext.fix.helper,ReducerType.MapExpressionContext,18,0,0,0,1,0,1,0,1,0
sandbox_coverage/sandbox_functional_converter,org.sandbox.jdt.internal.corext.fix.helper,ASTEnhancedForRenderer,8,143,3,7,1,35,3,7,0,5
sandbox_coverage/sandbox_functional_converter,org.sandbox.jdt.internal.corext.fix.helper,ConsecutiveLoopGroupDetector,170,0,28,0,51,0,17,0,3,0
sandbox_coverage/sandbox_functional_converter,org.sandbox.jdt.internal.corext.fix.helper,LambdaGenerator,119,76,10,8,29,22,9,7,3,4
sandbox_coverage/sandbox_functional_converter,org.sandbox.jdt.internal.corext.fix.helper,ReducePatternDetector,763,0,150,0,223,0,89,0,14,0
sandbox_coverage/sandbox_functional_converter,org.sandbox.jdt.internal.corext.fix.helper,EnhancedForHandler.new ASTVisitor() {...},56,0,4,0,7,0,4,0,2,0
sandbox_coverage/sandbox_functional_converter,org.sandbox.jdt.internal.corext.fix.helper,PreconditionsChecker.new ASTVisitor() {...},21,0,2,0,4,0,3,0,2,0
sandbox_coverage/sandbox_functional_converter,org.sandbox.jdt.internal.corext.fix.helper,ASTStreamRenderer,586,1098,45,61,123,239,39,48,5,24
sandbox_coverage/sandbox_functional_converter,org.sandbox.jdt.internal.corext.fix.helper,CollectorType,24,75,3,13,7,20,6,8,3,3
sandbox_coverage/sandbox_functional_converter,org.sandbox.jdt.internal.corext.fix.helper,LoopBodyScopeScanner,26,121,10,12,6,27,9,9,2,5
sandbox_coverage/sandbox_functional_converter,org.sandbox.jdt.internal.corext.fix.helper,EnhancedForHandler,301,505,64,57,77,126,52,24,7,8
sandbox_coverage/sandbox_functional_converter,org.sandbox.jdt.internal.corext.fix.helper,IteratorPatternDetector.IteratorPattern,0,18,0,0,0,1,0,1,0,1
sandbox_coverage/sandbox_functional_converter,org.sandbox.jdt.internal.corext.fix.helper,OperationType.new OperationType() {...},39,8,8,0,10,1,5,1,1,1
sandbox_coverage/sandbox_functional_converter,org.sandbox.jdt.internal.corext.fix.helper,OperationType.new OperationType() {...},10,8,2,0,3,1,2,1,1,1
sandbox_coverage/sandbox_functional_converter,org.sandbox.jdt.internal.corext.fix.helper,OperationType.new OperationType() {...},71,8,10,0,15,1,6,1,1,1
sandbox_coverage/sandbox_functional_converter,org.sandbox.jdt.internal.corext.fix.helper,OperationType.new OperationType() {...},10,8,2,0,3,1,2,1,1,1
sandbox_coverage/sandbox_functional_converter,org.sandbox.jdt.internal.corext.fix.helper,OperationType.new OperationType() {...},10,8,2,0,3,1,2,1,1,1
sandbox_coverage/sandbox_functional_converter,org.sandbox.jdt.internal.corext.fix.helper,OperationType.new OperationType() {...},4,8,0,0,2,1,2,1,2,1
sandbox_coverage/sandbox_functional_converter,org.sandbox.jdt.internal.corext.fix.helper,OperationType.new OperationType() {...},10,8,2,0,3,1,2,1,1,1
sandbox_coverage/sandbox_functional_converter,org.sandbox.jdt.internal.corext.fix.helper,IfStatementAnalyzer,502,0,104,0,149,0,75,0,22,0
sandbox_coverage/sandbox_functional_converter,org.sandbox.jdt.internal.corext.fix.helper,OperationType.new OperationType() {...},4,8,0,0,2,1,2,1,2,1
sandbox_coverage/sandbox_functional_converter,org.sandbox.jdt.internal.corext.fix.helper,ConcreteCollectionASTStreamRenderer,0,97,0,4,0,21,0,4,0,2
sandbox_coverage/sandbox_functional_converter,org.sandbox.jdt.internal.corext.fix.helper,ASTIteratorWhileRenderer,146,330,9,7,28,70,8,10,2,8
sandbox_coverage/sandbox_functional_converter,org.sandbox.jdt.internal.corext.fix.helper,StatementHandlerContext,15,0,0,0,6,0,3,0,3,0
sandbox_coverage/sandbox_functional_converter,org.sandbox.jdt.internal.corext.fix.helper,StatementHandlerType,79,0,4,0,15,0,4,0,2,0
sandbox_coverage/sandbox_functional_converter,org.sandbox.jdt.internal.corext.fix.helper,ExpressionHelper.ForEachRewriteInfo,0,12,0,0,0,1,0,1,0,1
sandbox_coverage/sandbox_functional_converter,org.sandbox.jdt.internal.corext.fix.helper,LambdaCaptureSafety,10,91,5,9,5,21,5,5,0,3
sandbox_coverage/sandbox_functional_converter,org.sandbox.jdt.internal.corext.fix.helper,PreconditionsChecker,863,0,146,0,230,0,119,0,46,0
sandbox_coverage/sandbox_functional_converter,org.sandbox.jdt.internal.corext.fix.helper,JdtLoopExtractor,326,2031,146,329,83,479,127,150,1,37
sandbox_coverage/sandbox_functional_converter,org.sandbox.jdt.internal.corext.fix.helper,SideEffectChecker,51,68,19,13,15,21,13,7,0,4
sandbox_coverage/sandbox_functional_converter,org.sandbox.jdt.internal.corext.fix.helper,ExpressionHelper,67,254,21,23,16,56,19,12,1,8
sandbox_coverage/sandbox_functional_converter,org.sandbox.jdt.internal.corext.fix.helper,EnhancedForToIteratorWhile,9,117,5,3,5,28,5,6,1,6
sandbox_coverage/sandbox_functional_converter,org.sandbox.jdt.internal.corext.fix.helper,StatementParsingContext,9,86,0,0,3,38,3,12,3,12
sandbox_coverage/sandbox_functional_converter,org.sandbox.jdt.internal.corext.fix.helper,StreamToEnhancedFor,7,34,3,1,4,8,3,3,1,3
sandbox_coverage/sandbox_functional_converter,org.sandbox.jdt.internal.corext.fix.helper,IteratorWhileToEnhancedFor.new ASTVisitor() {...},6,87,3,5,3,18,3,3,0,2
sandbox_coverage/sandbox_functional_converter,org.sandbox.jdt.internal.corext.fix.helper,IteratorWhileHandler,31,493,27,57,16,111,27,26,1,10
sandbox_coverage/sandbox_functional_converter,org.sandbox.jdt.internal.corext.fix.helper,IteratorLoopAnalyzer,89,139,35,25,19,33,23,10,0,3
sandbox_coverage/sandbox_functional_converter,org.sandbox.jdt.internal.corext.fix.helper,TraditionalForHandler.ForLoopPattern,0,18,0,0,0,1,0,1,0,1
sandbox_coverage/sandbox_functional_converter,org.sandbox.jdt.internal.corext.fix.helper,StatementHandlerType.new StatementHandlerType() {...},360,0,40,0,84,0,31,0,11,0
sandbox_coverage/sandbox_functional_converter,org.sandbox.jdt.internal.corext.fix.helper,StreamOperationDetector,2,26,2,4,1,6,2,2,0,1
sandbox_coverage/sandbox_functional_converter,org.sandbox.jdt.internal.corext.fix.helper,ReducerType.new ReducerType() {...},8,10,0,0,2,2,2,2,2,2
sandbox_coverage/sandbox_functional_converter,org.sandbox.jdt.internal.corext.fix.helper,ReducerType.new ReducerType() {...},12,5,0,0,3,1,3,1,3,1
sandbox_coverage/sandbox_functional_converter,org.sandbox.jdt.internal.corext.fix.helper,ReducerType.new ReducerType() {...},3,10,0,0,1,2,1,2,1,2
sandbox_coverage/sandbox_functional_converter,org.sandbox.jdt.internal.corext.fix.helper,CollectPatternDetector,195,59,22,8,55,17,23,5,11,2
sandbox_coverage/sandbox_functional_converter,org.sandbox.jdt.internal.corext.fix.helper,ProspectiveOperation.new ASTVisitor() {...},71,38,22,6,16,10,14,2,0,2
sandbox_coverage/sandbox_functional_converter,org.sandbox.jdt.internal.corext.fix.helper,ReducerType.new ReducerType() {...},3,9,0,0,1,2,1,2,1,2
sandbox_coverage/sandbox_functional_converter,org.sandbox.jdt.internal.corext.fix.helper,ReducerType.new ReducerType() {...},3,16,0,2,1,4,1,3,1,2
sandbox_coverage/sandbox_functional_converter,org.sandbox.jdt.internal.corext.fix.helper,ReducerType.new ReducerType() {...},8,5,0,0,2,1,2,1,2,1
sandbox_coverage/sandbox_functional_converter,org.sandbox.jdt.internal.corext.fix.helper,ReducerType.new ReducerType() {...},8,5,0,0,2,1,2,1,2,1
sandbox_coverage/sandbox_functional_converter,org.sandbox.jdt.internal.corext.fix.helper,ReducerType.new ReducerType() {...},5,5,0,0,2,1,2,1,2,1
sandbox_coverage/sandbox_functional_converter,org.sandbox.jdt.internal.corext.fix.helper,ConcreteCollectionFactory.new ASTVisitor() {...},0,41,0,6,0,7,0,5,0,2
sandbox_coverage/sandbox_functional_converter,org.sandbox.jdt.internal.corext.fix.helper,OperationType.LambdaBodyContext,35,0,2,0,6,0,4,0,3,0
sandbox_coverage/sandbox_functional_converter,org.sandbox.jdt.internal.corext.fix.helper,IteratorLoopAnalyzer.SafetyAnalysis,0,41,0,0,0,3,0,3,0,3
sandbox_coverage/sandbox_functional_converter,org.sandbox.jdt.internal.corext.fix.helper,IfStatementAnalyzer.MatchPatternType,44,0,0,0,9,0,1,0,1,0
sandbox_coverage/sandbox_functional_converter,org.sandbox.jdt.internal.corext.fix.helper,StreamToIteratorWhile,7,39,3,1,4,9,3,3,1,3
sandbox_coverage/sandbox_functional_converter,org.sandbox.jdt.internal.corext.fix.helper,JdtLoopExtractor.LoopBodyAnalyzer,3,119,1,9,1,43,2,22,1,18
sandbox_coverage/sandbox_functional_converter,org.sandbox.jdt.internal.corext.fix.helper,IteratorLoopAnalyzer.IteratorUsageVisitor,64,154,18,20,17,38,20,14,6,9
sandbox_coverage/sandbox_functional_converter,org.sandbox.jdt.internal.corext.fix.helper,IteratorLoopBodyParser,40,109,10,10,12,21,10,4,1,3
sandbox_coverage/sandbox_functional_converter,org.sandbox.jdt.internal.corext.fix.helper,IteratorWhileHandler.new ASTVisitor() {...},4,136,4,10,2,22,4,6,0,3
sandbox_coverage/sandbox_functional_converter,org.sandbox.jdt.internal.corext.fix.helper,OperationType,17,125,0,0,5,23,4,3,4,3
sandbox_coverage/sandbox_functional_converter,org.sandbox.jdt.internal.corext.fix.helper,ConcreteCollectionFactory,29,309,30,54,13,71,30,20,0,8
sandbox_coverage/sandbox_functional_converter,org.sandbox.jdt.internal.corext.fix.helper,ConcurrentCollectionDetector,0,103,2,14,0,21,2,11,0,5
sandbox_coverage/sandbox_tools,org.sandbox.jdt.internal.corext.fix,UseIteratorToForLoopFixCore.new CompilationUnitRewriteOperationsFixCore.CompilationUnitRewriteOperationWithSourceRange() {...},49,0,2,0,11,0,3,0,2,0
sandbox_coverage/sandbox_tools,org.sandbox.jdt.internal.corext.fix,UseIteratorToForLoopFixCore,45,0,0,0,9,0,5,0,5,0
sandbox_coverage/sandbox_tools,org.sandbox.jdt.internal.ui.fix,MultiFixMessages,7,0,0,0,3,0,2,0,2,0
sandbox_coverage/sandbox_tools,org.sandbox.jdt.internal.ui.fix,UseIteratorToForLoopCleanUp,11,0,0,0,4,0,2,0,2,0
sandbox_coverage/sandbox_tools,org.sandbox.jdt.internal.ui.fix,UseIteratorToForLoopCleanUpCore,149,0,12,0,35,0,16,0,10,0
sandbox_coverage/sandbox_tools,org.sandbox.jdt.internal.corext.fix.helper,AbstractTool,16,0,0,0,4,0,4,0,4,0
sandbox_coverage/sandbox_tools,org.sandbox.jdt.internal.corext.fix.helper,WhileLoopToChangeHit,9,0,0,0,5,0,2,0,2,0
sandbox_coverage/sandbox_tools,org.sandbox.jdt.internal.corext.fix.helper,CheckNodeForValidReferences.new FluentASTVisitor() {...},265,0,60,0,69,0,40,0,10,0
sandbox_coverage/sandbox_tools,org.sandbox.jdt.internal.corext.fix.helper,CheckNodeForValidReferences,27,0,0,0,10,0,3,0,3,0
sandbox_coverage/sandbox_tools,org.sandbox.jdt.internal.corext.fix.helper,WhileToForEach,1295,0,188,0,347,0,115,0,21,0
sandbox_coverage/sandbox_jface_cleanup,org.sandbox.jdt.internal.ui.preferences.cleanup,CleanUpMessages,7,0,0,0,3,0,2,0,2,0
sandbox_coverage/sandbox_jface_cleanup,org.sandbox.jdt.internal.ui.preferences.cleanup,DefaultCleanUpOptionsInitializer,0,20,0,0,0,6,0,2,0,2
sandbox_coverage/sandbox_jface_cleanup,org.sandbox.jdt.internal.ui.preferences.cleanup,SaveActionCleanUpOptionsInitializer,20,0,0,0,6,0,2,0,2,0
sandbox_coverage/sandbox_jface_cleanup,org.sandbox.jdt.internal.ui.preferences.cleanup,SandboxCodeTabPage,110,0,0,0,29,0,4,0,4,0
sandbox_coverage/sandbox_jface_cleanup,org.sandbox.jdt.internal.corext.fix,JfaceCleanUpFixCore.new CompilationUnitRewriteOperationsFixCore.CompilationUnitRewriteOperationWithSourceRange() {...},25,159,7,17,5,24,7,7,0,2
sandbox_coverage/sandbox_jface_cleanup,org.sandbox.jdt.internal.corext.fix,JfaceCleanUpFixCore,10,83,0,0,2,12,2,8,2,8
sandbox_coverage/sandbox_jface_cleanup,org.sandbox.jdt.internal.ui.fix,MultiFixMessages,3,4,0,0,1,2,1,1,1,1
sandbox_coverage/sandbox_jface_cleanup,org.sandbox.jdt.internal.ui.fix,JFaceCleanUpCore,28,126,3,13,7,30,5,13,2,8
sandbox_coverage/sandbox_jface_cleanup,org.sandbox.jdt.internal.ui.fix,JFaceCleanUp,0,11,0,0,0,4,0,2,0,2
sandbox_coverage/sandbox_jface_cleanup,org.sandbox.jdt.internal.corext.fix.helper,MissingSuperDisposePlugin,66,40,7,9,24,8,6,5,2,1
sandbox_coverage/sandbox_jface_cleanup,org.sandbox.jdt.internal.corext.fix.helper,ViewerSorterPlugin.SorterHolder,0,13,0,0,0,3,0,1,0,1
sandbox_coverage/sandbox_jface_cleanup,org.sandbox.jdt.internal.corext.fix.helper,ImageDataProviderPlugin.ImageDataHolder,0,3,0,0,0,1,0,1,0,1
sandbox_coverage/sandbox_jface_cleanup,org.sandbox.jdt.internal.corext.fix.helper,AbstractTool,0,16,0,0,0,4,0,4,0,4
sandbox_coverage/sandbox_jface_cleanup,org.sandbox.jdt.internal.corext.fix.helper,JFacePlugin,185,1115,60,110,56,280,53,52,1,19
sandbox_coverage/sandbox_jface_cleanup,org.sandbox.jdt.internal.corext.fix.helper,JFacePlugin.MonitorHolder,0,23,0,0,0,5,0,1,0,1
sandbox_coverage/sandbox_jface_cleanup,org.sandbox.jdt.internal.corext.fix.helper,JFacePlugin.FlagMappingResult,0,12,0,0,0,1,0,1,0,1
sandbox_coverage/sandbox_jface_cleanup,org.sandbox.jdt.internal.corext.fix.helper,ViewerSorterPlugin,202,537,107,81,66,146,82,33,3,18
sandbox_coverage/sandbox_jface_cleanup,org.sandbox.jdt.internal.corext.fix.helper,ImageDataProviderPlugin,61,436,31,47,22,112,29,20,1,9
sandbox_coverage/sandbox_junit_cleanup,org.sandbox.jdt.internal.ui.preferences.cleanup,CleanUpMessages,4,0,0,0,2,0,1,0,1,0
sandbox_coverage/sandbox_junit_cleanup,org.sandbox.jdt.internal.ui.preferences.cleanup,DefaultCleanUpOptionsInitializer,0,128,0,0,0,33,0,2,0,2
sandbox_coverage/sandbox_junit_cleanup,org.sandbox.jdt.internal.ui.preferences.cleanup,HelpAwareSandboxCodeTabPage,13,0,0,0,5,0,2,0,2,0
sandbox_coverage/sandbox_junit_cleanup,org.sandbox.jdt.internal.ui.preferences.cleanup,SandboxCodeTabPage,896,0,4,0,225,0,8,0,6,0
sandbox_coverage/sandbox_junit_cleanup,org.sandbox.jdt.internal.ui.preferences.cleanup,SandboxCodeTabPage.new SelectionAdapter() {...},26,0,0,0,3,0,2,0,2,0
sandbox_coverage/sandbox_junit_cleanup,org.sandbox.jdt.internal.corext.fix,JUnit4MigrationPresets.Preset,0,64,0,0,0,7,0,1,0,1
sandbox_coverage/sandbox_junit_cleanup,org.sandbox.jdt.internal.corext.fix,ClosedParameterizedTestJUnitPlugin,3,48,3,3,2,10,3,3,0,3
sandbox_coverage/sandbox_junit_cleanup,org.sandbox.jdt.internal.corext.fix,JUnitCleanUpFixCore,50,466,7,5,8,47,5,8,1,6
sandbox_coverage/sandbox_junit_cleanup,org.sandbox.jdt.internal.corext.fix,JUnit4MigrationPresets,10,255,2,6,2,80,2,9,0,7
sandbox_coverage/sandbox_junit_cleanup,org.sandbox.jdt.internal.corext.fix,JUnitCleanUpFixCore.new ASTVisitor() {...},8,59,5,9,1,14,5,4,0,2
sandbox_coverage/sandbox_junit_cleanup,org.sandbox.jdt.internal.corext.fix,JUnitCleanUpFixCore.new CompilationUnitRewriteOperationsFixCore.CompilationUnitRewriteOperationWithSourceRange() {...},5,67,1,3,2,12,1,3,0,2
sandbox_coverage/sandbox_junit_cleanup,org.sandbox.jdt.internal.ui.fix,MultiFixMessages,0,4,0,0,0,2,0,1,0,1
sandbox_coverage/sandbox_junit_cleanup,org.sandbox.jdt.internal.ui.fix,JUnitCleanUp,14,17,0,0,2,5,2,3,2,3
sandbox_coverage/sandbox_junit_cleanup,org.sandbox.jdt.internal.ui.fix,JUnitCleanUpCore,239,1028,57,117,58,229,49,61,1,22
sandbox_coverage/sandbox_junit_cleanup,org.sandbox.jdt.internal.ui.fix,ReportingJUnitCleanUpCore,16,48,0,2,3,12,2,3,2,2
sandbox_coverage/sandbox_junit_cleanup,org.sandbox.jdt.internal.corext.fix.multifile,JUnitScopeCandidateDetector.SearchSeeds,7,21,0,0,2,4,1,1,1,1
sandbox_coverage/sandbox_junit_cleanup,org.sandbox.jdt.internal.corext.fix.multifile,JUnitBestEffortSupport.RuleKind,0,34,0,0,0,4,0,1,0,1
sandbox_coverage/sandbox_junit_cleanup,org.sandbox.jdt.internal.corext.fix.multifile,JUnit3HarnessSemantics.Rejection,0,17,0,0,0,4,0,1,0,1
sandbox_coverage/sandbox_junit_cleanup,org.sandbox.jdt.internal.corext.fix.multifile,JUnit3HierarchyMigration.InvocationKind,0,24,0,0,0,3,0,1,0,1
sandbox_coverage/sandbox_junit_cleanup,org.sandbox.jdt.internal.corext.fix.multifile,JUnitTestTypeInventory,2,35,2,2,0,8,2,3,0,3
sandbox_coverage/sandbox_junit_cleanup,org.sandbox.jdt.internal.corext.fix.multifile,JUnitMultiFileRewriteOperation.FieldEdit,0,12,0,0,0,1,0,1,0,1
sandbox_coverage/sandbox_junit_cleanup,org.sandbox.jdt.internal.corext.fix.multifile,JUnitMultiFilePlanner.ResourceScope,0,9,0,0,0,1,0,1,0,1
sandbox_coverage/sandbox_junit_cleanup,org.sandbox.jdt.internal.corext.fix.multifile,JUnitMigrationPlan.new ASTVisitor() {...},2,120,3,9,0,18,3,8,0,5
sandbox_coverage/sandbox_junit_cleanup,org.sandbox.jdt.internal.corext.fix.multifile,JUnitMigrationPlan.new ASTVisitor() {...},2,85,6,8,0,14,6,5,0,4
sandbox_coverage/sandbox_junit_cleanup,org.sandbox.jdt.internal.corext.fix.multifile,JUnit3HierarchyPlanner.Classification,0,36,0,0,0,5,0,3,0,3
sandbox_coverage/sandbox_junit_cleanup,org.sandbox.jdt.internal.corext.fix.multifile,JUnitMultiFileRewriteOperation.ResolvedEdits,0,23,0,0,0,2,0,2,0,2
sandbox_coverage/sandbox_junit_cleanup,org.sandbox.jdt.internal.corext.fix.multifile,JUnit3HierarchyScopeDetector.new ASTRequestor() {...},0,30,0,0,0,3,0,2,0,2
sandbox_coverage/sandbox_junit_cleanup,org.sandbox.jdt.internal.corext.fix.multifile,JUnitLifecycleScopeDetector,96,218,29,27,14,44,23,13,1,7
sandbox_coverage/sandbox_junit_cleanup,org.sandbox.jdt.internal.corext.fix.multifile,JUnit3HierarchyPlanner.OverrideRemoval,0,34,0,0,0,4,0,1,0,1
sandbox_coverage/sandbox_junit_cleanup,org.sandbox.jdt.internal.corext.fix.multifile,JUnitBestEffortSupport.GapMarkerOperation,1,100,1,7,1,19,1,5,0,2
sandbox_coverage/sandbox_junit_cleanup,org.sandbox.jdt.internal.corext.fix.multifile,JUnit3HierarchyMigration.TypeMigration,0,24,0,0,0,4,0,1,0,1
sandbox_coverage/sandbox_junit_cleanup,org.sandbox.jdt.internal.corext.fix.multifile,JUnitMultiFilePlanner.ResourceType,0,15,0,0,0,1,0,1,0,1
sandbox_coverage/sandbox_junit_cleanup,org.sandbox.jdt.internal.corext.fix.multifile,JUnitLifecycleScopeDetector.new ASTRequestor() {...},0,40,0,0,0,3,0,2,0,2
sandbox_coverage/sandbox_junit_cleanup,org.sandbox.jdt.internal.corext.fix.multifile,JUnit3HierarchyPlanner.new ASTVisitor() {...},2,48,4,4,0,7,4,2,0,2
sandbox_coverage/sandbox_junit_cleanup,org.sandbox.jdt.internal.corext.fix.multifile,ExternalResourceRuleMigration,0,18,0,0,0,1,0,1,0,1
sandbox_coverage/sandbox_junit_cleanup,org.sandbox.jdt.internal.corext.fix.multifile,JUnit3AssertionInventory.new ASTVisitor() {...},55,69,14,8,11,16,11,3,1,2
sandbox_coverage/sandbox_junit_cleanup,org.sandbox.jdt.internal.corext.fix.multifile,JUnit3HarnessSemantics,22,461,39,101,4,96,38,47,0,15
sandbox_coverage/sandbox_junit_cleanup,org.sandbox.jdt.internal.corext.fix.multifile,JUnit3HierarchyPlanner.SourceType,0,23,0,0,0,3,0,3,0,3
sandbox_coverage/sandbox_junit_cleanup,org.sandbox.jdt.internal.corext.fix.multifile,JUnitScopeCandidateDetector,106,281,37,41,16,58,35,17,4,9
sandbox_coverage/sandbox_junit_cleanup,org.sandbox.jdt.internal.corext.fix.multifile,JUnit3HierarchyMigration,0,18,0,0,0,4,0,1,0,1
sandbox_coverage/sandbox_junit_cleanup,org.sandbox.jdt.internal.corext.fix.multifile,JUnit3HierarchyPlanner,125,797,45,87,40,168,45,42,2,19
sandbox_coverage/sandbox_junit_cleanup,org.sandbox.jdt.internal.corext.fix.multifile,JUnit3AssertionInventory,0,33,0,0,0,7,0,2,0,2
sandbox_coverage/sandbox_junit_cleanup,org.sandbox.jdt.internal.corext.fix.multifile,JUnit3HierarchyScopeDetector,58,170,24,18,14,36,20,7,1,5
sandbox_coverage/sandbox_junit_cleanup,org.sandbox.jdt.internal.corext.fix.multifile,JUnitBestEffortSupport.ResourceUsage,0,11,0,0,0,4,0,1,0,1
sandbox_coverage/sandbox_junit_cleanup,org.sandbox.jdt.internal.corext.fix.multifile,JUnitMultiFilePlanner.MigrationResult,0,15,0,0,0,4,0,1,0,1
sandbox_coverage/sandbox_junit_cleanup,org.sandbox.jdt.internal.corext.fix.multifile,JUnitLifecycleScopeDetector.1.new ASTVisitor() {...},40,114,10,8,10,16,8,3,0,2
sandbox_coverage/sandbox_junit_cleanup,org.sandbox.jdt.internal.corext.fix.multifile,JUnit3HierarchyScopeDetector.1.new ASTVisitor() {...},102,57,12,4,18,11,8,2,0,2
sandbox_coverage/sandbox_junit_cleanup,org.sandbox.jdt.internal.corext.fix.multifile,JUnitBestEffortSupport.SourceType,0,21,0,0,0,1,0,1,0,1
sandbox_coverage/sandbox_junit_cleanup,org.sandbox.jdt.internal.corext.fix.multifile,JUnitBestEffortSupport.Gap,2,65,1,1,0,11,1,2,0,2
sandbox_coverage/sandbox_junit_cleanup,org.sandbox.jdt.internal.corext.fix.multifile,JUnit3AssertionInventory.Result,2,17,1,1,0,4,1,2,0,2
sandbox_coverage/sandbox_junit_cleanup,org.sandbox.jdt.internal.corext.fix.multifile,JUnitMultiFileRewriteOperation.ResolvedEdits.Builder,0,80,1,1,0,17,1,4,0,4
sandbox_coverage/sandbox_junit_cleanup,org.sandbox.jdt.internal.corext.fix.multifile,JUnitBestEffortSupport,186,862,64,100,33,186,54,59,0,28
sandbox_coverage/sandbox_junit_cleanup,org.sandbox.jdt.internal.corext.fix.multifile,JUnitMultiFilePlanner.RuleField,0,15,0,0,0,1,0,1,0,1
sandbox_coverage/sandbox_junit_cleanup,org.sandbox.jdt.internal.corext.fix.multifile,JUnitMultiFilePlanner.PlanningOptions,0,25,0,6,0,3,0,5,0,2
sandbox_coverage/sandbox_junit_cleanup,org.sandbox.jdt.internal.corext.fix.multifile,JUnitMultiFileRewriteOperation,22,347,20,40,8,73,19,19,0,8
sandbox_coverage/sandbox_junit_cleanup,org.sandbox.jdt.internal.corext.fix.multifile,JUnitMigrationPlan,148,619,24,45,29,120,26,33,4,20
sandbox_coverage/sandbox_junit_cleanup,org.sandbox.jdt.internal.corext.fix.multifile,JUnitBestEffortSupport.Analysis,8,164,4,10,2,36,4,8,0,5
sandbox_coverage/sandbox_junit_cleanup,org.sandbox.jdt.internal.corext.fix.multifile,JUnit3HierarchyMigration.MethodKind,0,34,0,0,0,4,0,1,0,1
sandbox_coverage/sandbox_junit_cleanup,org.sandbox.jdt.internal.corext.fix.multifile,JUnitMultiFilePlanner.RuleKind,0,34,0,0,0,4,0,1,0,1
sandbox_coverage/sandbox_junit_cleanup,org.sandbox.jdt.internal.corext.fix.multifile,JUnitMultiFilePlanner,178,936,37,93,38,199,33,54,2,20
sandbox_coverage/sandbox_junit_cleanup,org.sandbox.jdt.internal.corext.fix.multifile,JUnitMultiFilePlanner.ResourceChain,0,12,0,0,0,3,0,1,0,1
sandbox_coverage/sandbox_junit_cleanup,org.sandbox.jdt.internal.corext.fix.multifile,JUnit3HierarchyMigration.InvocationMigration,0,15,0,0,0,1,0,1,0,1
sandbox_coverage/sandbox_junit_cleanup,org.sandbox.jdt.internal.corext.fix.multifile,JUnitMultiFilePlanner.new ASTRequestor() {...},0,15,0,0,0,3,0,2,0,2
sandbox_coverage/sandbox_junit_cleanup,org.sandbox.jdt.internal.corext.fix.multifile,JUnitMultiFileRewriteOperation.ResourceTypeEdit,0,12,0,0,0,1,0,1,0,1
sandbox_coverage/sandbox_junit_cleanup,org.sandbox.jdt.internal.corext.fix.multifile,JUnitScopeCandidateDetector.1.new ASTVisitor() {...},186,95,37,9,38,15,22,6,2,3
sandbox_coverage/sandbox_junit_cleanup,org.sandbox.jdt.internal.corext.fix.multifile,JUnitMultiFilePlanner.new ASTVisitor() {...},0,51,0,4,0,13,0,4,0,2
sandbox_coverage/sandbox_junit_cleanup,org.sandbox.jdt.internal.corext.fix.multifile,JUnitMultiFilePlanner.new ASTVisitor() {...},0,91,4,10,0,18,4,5,0,2
sandbox_coverage/sandbox_junit_cleanup,org.sandbox.jdt.internal.corext.fix.multifile,JUnitScopeCandidateDetector.new ASTRequestor() {...},0,40,0,0,0,3,0,2,0,2
sandbox_coverage/sandbox_junit_cleanup,org.sandbox.jdt.internal.corext.fix.multifile,JUnitMultiFilePlanner.new ASTVisitor() {...},0,50,1,1,0,9,1,2,0,2
sandbox_coverage/sandbox_junit_cleanup,org.sandbox.jdt.internal.corext.fix.multifile,JUnit3HierarchyPlanner.Result,0,18,0,0,0,4,0,1,0,1
sandbox_coverage/sandbox_junit_cleanup,org.sandbox.jdt.internal.corext.fix.multifile,JUnit3HierarchyMigration.MethodMigration,7,22,0,0,2,3,1,2,1,2
sandbox_coverage/sandbox_junit_cleanup,org.sandbox.jdt.internal.corext.fix.multifile,JUnitMultiFileRewriteOperation.new ASTVisitor() {...},16,48,2,6,6,11,4,5,2,3
sandbox_coverage/sandbox_junit_cleanup,org.sandbox.jdt.internal.corext.fix.multifile,JUnitBestEffortSupport.new ASTVisitor() {...},0,13,0,0,0,3,0,2,0,2
sandbox_coverage/sandbox_junit_cleanup,org.sandbox.jdt.internal.corext.fix.multifile,JUnitBestEffortSupport.new ASTRequestor() {...},0,15,0,0,0,3,0,2,0,2
sandbox_coverage/sandbox_junit_cleanup,org.sandbox.jdt.internal.corext.fix.multifile,JUnitBestEffortSupport.new ASTVisitor() {...},2,126,4,20,0,32,4,10,0,2
sandbox_coverage/sandbox_junit_cleanup,org.sandbox.jdt.internal.corext.fix.multifile,JUnitBestEffortSupport.new ASTVisitor() {...},20,193,9,31,5,43,8,15,0,3
sandbox_coverage/sandbox_junit_cleanup,org.sandbox.jdt.internal.corext.fix.helper.lib,DocumentHelper,109,0,6,0,25,0,6,0,3,0
sandbox_coverage/sandbox_junit_cleanup,org.sandbox.jdt.internal.corext.fix.helper.lib,ExternalResourceCompatibilityRefactorer.CallbackConfig,0,15,0,0,0,1,0,1,0,1
sandbox_coverage/sandbox_junit_cleanup,org.sandbox.jdt.internal.corext.fix.helper.lib,AbstractRuleFieldPlugin,103,0,8,0,29,0,10,0,6,0
sandbox_coverage/sandbox_junit_cleanup,org.sandbox.jdt.internal.corext.fix.helper.lib,AssertionRefactorer,7,136,1,13,2,22,2,9,1,2
sandbox_coverage/sandbox_junit_cleanup,org.sandbox.jdt.internal.corext.fix.helper.lib,TriggerPatternCleanupPlugin.RewriteRuleDelegate,8,28,0,0,3,5,3,4,3,4
sandbox_coverage/sandbox_junit_cleanup,org.sandbox.jdt.internal.corext.fix.helper.lib,ImportHelper,72,34,13,3,16,7,10,2,2,2
sandbox_coverage/sandbox_junit_cleanup,org.sandbox.jdt.internal.corext.fix.helper.lib,JUnitConstants,7,39,0,0,2,8,1,1,1,1
sandbox_coverage/sandbox_junit_cleanup,org.sandbox.jdt.internal.corext.fix.helper.lib,AbstractTestAnnotationParameterPlugin,92,0,10,0,24,0,10,0,5,0
sandbox_coverage/sandbox_junit_cleanup,org.sandbox.jdt.internal.corext.fix.helper.lib,ExternalResourceCompatibilityRefactorer,93,385,29,11,22,83,20,10,1,9
sandbox_coverage/sandbox_junit_cleanup,org.sandbox.jdt.internal.corext.fix.helper.lib,ExternalResourceRefactorer.CallbackConfig,0,15,0,0,0,6,0,1,0,1
sandbox_coverage/sandbox_junit_cleanup,org.sandbox.jdt.internal.corext.fix.helper.lib,JUnit3LegacyShape,95,413,72,78,18,70,65,24,1,13
sandbox_coverage/sandbox_junit_cleanup,org.sandbox.jdt.internal.corext.fix.helper.lib,InheritedLifecycleMethodRefactorer,21,197,6,34,7,39,8,21,2,7
sandbox_coverage/sandbox_junit_cleanup,org.sandbox.jdt.internal.corext.fix.helper.lib,LifecycleMethodAdapter,166,426,54,38,27,99,45,25,8,16
sandbox_coverage/sandbox_junit_cleanup,org.sandbox.jdt.internal.corext.fix.helper.lib,AbstractMethodMigrationPlugin,0,206,6,14,0,49,6,13,0,9
sandbox_coverage/sandbox_junit_cleanup,org.sandbox.jdt.internal.corext.fix.helper.lib,TestNameRefactorer.Assessment,0,20,0,0,0,4,0,1,0,1
sandbox_coverage/sandbox_junit_cleanup,org.sandbox.jdt.internal.corext.fix.helper.lib,TestNameRefactorer.SourceRange,0,9,0,0,0,1,0,1,0,1
sandbox_coverage/sandbox_junit_cleanup,org.sandbox.jdt.internal.corext.fix.helper.lib,InheritedLifecycleMethodRefactorer.new CompilationUnitRewriteOperationsFixCore.CompilationUnitRewriteOperationWithSourceRange() {...},5,71,1,5,2,16,1,4,0,2
sandbox_coverage/sandbox_junit_cleanup,org.sandbox.jdt.internal.corext.fix.helper.lib,JUnit3SuiteModel.Rejection,0,17,0,0,0,4,0,1,0,1
sandbox_coverage/sandbox_junit_cleanup,org.sandbox.jdt.internal.corext.fix.helper.lib,InheritedLifecycleMethodRefactorer.new ASTVisitor() {...},0,62,1,11,0,11,1,7,0,2
sandbox_coverage/sandbox_junit_cleanup,org.sandbox.jdt.internal.corext.fix.helper.lib,JunitHolder.Builder,74,0,2,0,22,0,11,0,10,0
sandbox_coverage/sandbox_junit_cleanup,org.sandbox.jdt.internal.corext.fix.helper.lib,JUnit3SuiteModel,41,521,32,82,19,104,32,37,0,12
sandbox_coverage/sandbox_junit_cleanup,org.sandbox.jdt.internal.corext.fix.helper.lib,TriggerPatternCleanupPlugin,28,163,5,13,9,38,6,16,1,12
sandbox_coverage/sandbox_junit_cleanup,org.sandbox.jdt.internal.corext.fix.helper.lib,JUnit3SuiteModel.Result,0,35,0,2,0,6,0,5,0,4
sandbox_coverage/sandbox_junit_cleanup,org.sandbox.jdt.internal.corext.fix.helper.lib,TestNameRefactorer.new ASTVisitor() {...},2,50,6,6,0,9,6,2,0,2
sandbox_coverage/sandbox_junit_cleanup,org.sandbox.jdt.internal.corext.fix.helper.lib,TestNameRefactorer.new SearchRequestor() {...},9,37,3,3,3,7,3,2,0,2
sandbox_coverage/sandbox_junit_cleanup,org.sandbox.jdt.internal.corext.fix.helper.lib,TestNameRefactorer.new ASTVisitor() {...},2,31,1,1,1,6,1,2,0,2
sandbox_coverage/sandbox_junit_cleanup,org.sandbox.jdt.internal.corext.fix.helper.lib,TestNameRefactorer.new ASTVisitor() {...},0,38,0,2,0,6,0,3,0,2
sandbox_coverage/sandbox_junit_cleanup,org.sandbox.jdt.internal.corext.fix.helper.lib,TestNameRefactorer.new ASTVisitor() {...},0,75,3,11,0,15,3,6,0,2
sandbox_coverage/sandbox_junit_cleanup,org.sandbox.jdt.internal.corext.fix.helper.lib,TestNameRefactorer.new ASTVisitor() {...},0,30,1,3,0,5,1,3,0,2
sandbox_coverage/sandbox_junit_cleanup,org.sandbox.jdt.internal.corext.fix.helper.lib,TestNameRefactorer.new ASTVisitor() {...},0,54,1,11,0,9,1,7,0,2
sandbox_coverage/sandbox_junit_cleanup,org.sandbox.jdt.internal.corext.fix.helper.lib,TestNameRefactorer,130,656,52,58,39,144,48,25,2,16
sandbox_coverage/sandbox_junit_cleanup,org.sandbox.jdt.internal.corext.fix.helper.lib,JUnit3MigrationExclusions,8,92,6,14,1,27,6,9,0,5
sandbox_coverage/sandbox_junit_cleanup,org.sandbox.jdt.internal.corext.fix.helper.lib,JunitHolder,59,74,4,2,18,23,14,15,11,15
sandbox_coverage/sandbox_junit_cleanup,org.sandbox.jdt.internal.corext.fix.helper.lib,ExternalResourceRefactorer,387,736,98,78,98,179,81,43,9,27
sandbox_coverage/sandbox_junit_cleanup,org.sandbox.jdt.internal.corext.fix.helper.lib,AbstractTool,27,82,0,0,9,19,4,7,4,7
sandbox_coverage/sandbox_junit_cleanup,org.sandbox.jdt.internal.corext.fix.helper.lib,JUnit3SemanticSupport,18,123,25,23,0,21,22,7,0,5
sandbox_coverage/sandbox_junit_cleanup,org.sandbox.jdt.internal.corext.fix.helper,TestExpectedAndTimeoutJUnitPlugin,24,347,19,23,11,64,19,10,1,7
sandbox_coverage/sandbox_junit_cleanup,org.sandbox.jdt.internal.corext.fix.helper,RuleExpectedExceptionJUnitPlugin.ListRewriteFacade,0,19,0,0,0,6,0,2,0,2
sandbox_coverage/sandbox_junit_cleanup,org.sandbox.jdt.internal.corext.fix.helper,AssumeJUnitPlugin,71,231,24,26,20,53,20,20,1,14
sandbox_coverage/sandbox_junit_cleanup,org.sandbox.jdt.internal.corext.fix.helper,RunWithJUnitPlugin.CategoriesData,0,13,0,0,0,3,0,1,0,1
sandbox_coverage/sandbox_junit_cleanup,org.sandbox.jdt.internal.corext.fix.helper,RuleTemporayFolderJUnitPlugin,81,679,42,73,32,137,42,37,1,19
sandbox_coverage/sandbox_junit_cleanup,org.sandbox.jdt.internal.corext.fix.helper,JdtUiInheritedTestsRunnerMigration.ContractSourceState,0,18,0,0,0,1,0,1,0,1
sandbox_coverage/sandbox_junit_cleanup,org.sandbox.jdt.internal.corext.fix.helper,AssertJUnitPlugin,32,30,7,1,8,10,5,7,1,7
sandbox_coverage/sandbox_junit_cleanup,org.sandbox.jdt.internal.corext.fix.helper,AssertOptimizationJUnitPlugin,206,820,104,120,50,191,89,40,2,15
sandbox_coverage/sandbox_junit_cleanup,org.sandbox.jdt.internal.corext.fix.helper,JdtUiInheritedTestsRunnerMigration.Variable,0,9,0,0,0,1,0,1,0,1
sandbox_coverage/sandbox_junit_cleanup,org.sandbox.jdt.internal.corext.fix.helper,RuleErrorCollectorJUnitPlugin.ErrorCollectorCall,0,12,0,0,0,5,0,1,0,1
sandbox_coverage/sandbox_junit_cleanup,org.sandbox.jdt.internal.corext.fix.helper,TestJUnit3Plugin,55,877,51,117,14,191,51,63,2,28
sandbox_coverage/sandbox_junit_cleanup,org.sandbox.jdt.internal.corext.fix.helper,RuleTemporayFolderJUnitPlugin.Assessment,0,20,0,0,0,4,0,1,0,1
sandbox_coverage/sandbox_junit_cleanup,org.sandbox.jdt.internal.corext.fix.helper,CategoryJUnitPlugin,16,199,12,18,5,49,12,10,1,6
sandbox_coverage/sandbox_junit_cleanup,org.sandbox.jdt.internal.corext.fix.helper,FixMethodOrderJUnitPlugin,10,121,5,9,6,31,5,7,1,4
sandbox_coverage/sandbox_junit_cleanup,org.sandbox.jdt.internal.corext.fix.helper,LostTestFinderJUnitPlugin,44,427,25,69,13,99,19,42,1,13
sandbox_coverage/sandbox_junit_cleanup,org.sandbox.jdt.internal.corext.fix.helper,JdtUiInheritedTestsRunnerMigration,129,1447,140,190,48,255,141,54,1,29
sandbox_coverage/sandbox_junit_cleanup,org.sandbox.jdt.internal.corext.fix.helper,RuleTestnameJUnitPlugin,10,62,8,6,5,15,8,4,1,4
sandbox_coverage/sandbox_junit_cleanup,org.sandbox.jdt.internal.corext.fix.helper,JdtUiInheritedTestsRunnerMigration.MethodCollection,0,12,0,0,0,3,0,1,0,1
sandbox_coverage/sandbox_junit_cleanup,org.sandbox.jdt.internal.corext.fix.helper,RuleImportCleanupSupport.new ASTVisitor() {...},0,38,0,2,0,6,0,3,0,2
sandbox_coverage/sandbox_junit_cleanup,org.sandbox.jdt.internal.corext.fix.helper,JdtUiInheritedTestsRunnerMigration.ContractCacheEntry,0,9,0,0,0,1,0,1,0,1
sandbox_coverage/sandbox_junit_cleanup,org.sandbox.jdt.internal.corext.fix.helper,ThrowingRunnableJUnitPlugin,150,508,79,61,38,125,59,30,1,18
sandbox_coverage/sandbox_junit_cleanup,org.sandbox.jdt.internal.corext.fix.helper,JdtUiInheritedTestsRunnerMigration.SuppressedMethod,0,15,0,0,0,4,0,1,0,1
sandbox_coverage/sandbox_junit_cleanup,org.sandbox.jdt.internal.corext.fix.helper,SuiteMethodJUnitPlugin,25,387,23,53,5,83,20,29,1,10
sandbox_coverage/sandbox_junit_cleanup,org.sandbox.jdt.internal.corext.fix.helper,RuleExpectedExceptionJUnitPlugin,147,1016,71,107,52,213,67,46,1,23
sandbox_coverage/sandbox_junit_cleanup,org.sandbox.jdt.internal.corext.fix.helper,RuleTemporayFolderJUnitPlugin.Operation,0,54,0,0,0,6,0,1,0,1
sandbox_coverage/sandbox_junit_cleanup,org.sandbox.jdt.internal.corext.fix.helper,IgnoreJUnitPlugin,0,43,0,2,0,9,0,5,0,4
sandbox_coverage/sandbox_junit_cleanup,org.sandbox.jdt.internal.corext.fix.helper,RuleErrorCollectorJUnitPlugin,66,373,22,32,16,86,18,19,1,9
sandbox_coverage/sandbox_junit_cleanup,org.sandbox.jdt.internal.corext.fix.helper,RuleImportCleanupSupport,13,123,9,29,2,24,10,13,1,3
sandbox_coverage/sandbox_junit_cleanup,org.sandbox.jdt.internal.corext.fix.helper,ParameterizedMigrationEligibility.Assessment,0,20,0,0,0,4,0,1,0,1
sandbox_coverage/sandbox_junit_cleanup,org.sandbox.jdt.internal.corext.fix.helper,RuleExpectedExceptionJUnitPlugin.new ASTVisitor() {...},4,59,5,9,1,10,5,4,0,2
sandbox_coverage/sandbox_junit_cleanup,org.sandbox.jdt.internal.corext.fix.helper,RuleExpectedExceptionJUnitPlugin.new ASTVisitor() {...},0,30,2,2,0,6,2,2,0,2
sandbox_coverage/sandbox_junit_cleanup,org.sandbox.jdt.internal.corext.fix.helper,RuleExpectedExceptionJUnitPlugin.new ASTVisitor() {...},8,46,4,8,1,8,4,4,0,2
sandbox_coverage/sandbox_junit_cleanup,org.sandbox.jdt.internal.corext.fix.helper,RuleExpectedExceptionJUnitPlugin.new SearchRequestor() {...},9,37,3,3,3,7,3,2,0,2
sandbox_coverage/sandbox_junit_cleanup,org.sandbox.jdt.internal.corext.fix.helper,JdtUiInheritedTestsRunnerMigration.Plan,0,21,0,0,0,5,0,1,0,1
sandbox_coverage/sandbox_junit_cleanup,org.sandbox.jdt.internal.corext.fix.helper,AfterClassJUnitPlugin,6,5,2,0,3,2,2,2,1,2
sandbox_coverage/sandbox_junit_cleanup,org.sandbox.jdt.internal.corext.fix.helper,TestJUnit3Plugin.new ASTVisitor() {...},29,60,8,8,3,12,7,4,0,3
sandbox_coverage/sandbox_junit_cleanup,org.sandbox.jdt.internal.corext.fix.helper,TestJUnit3Plugin.new SearchRequestor() {...},8,65,6,8,3,9,6,3,0,2
sandbox_coverage/sandbox_junit_cleanup,org.sandbox.jdt.internal.corext.fix.helper,JdtUiInheritedTestsRunnerMigration.ContractSnapshot,0,9,0,0,0,1,0,1,0,1
sandbox_coverage/sandbox_junit_cleanup,org.sandbox.jdt.internal.corext.fix.helper,TestJUnit3Plugin.new ASTVisitor() {...},0,32,2,2,0,5,2,2,0,2
sandbox_coverage/sandbox_junit_cleanup,org.sandbox.jdt.internal.corext.fix.helper,RuleExpectedExceptionJUnitPlugin.MethodAnalysis,0,36,0,0,0,3,0,3,0,3
sandbox_coverage/sandbox_junit_cleanup,org.sandbox.jdt.internal.corext.fix.helper,RuleExpectedExceptionJUnitPlugin.Assessment,0,20,0,0,0,4,0,1,0,1
sandbox_coverage/sandbox_junit_cleanup,org.sandbox.jdt.internal.corext.fix.helper,RuleImportCleanupSupport.RemoveRuleImportOperation,0,8,0,0,0,3,0,1,0,1
sandbox_coverage/sandbox_junit_cleanup,org.sandbox.jdt.internal.corext.fix.helper,RuleExpectedExceptionJUnitPlugin.CompilationUnitView,1,21,1,1,0,3,1,2,0,2
sandbox_coverage/sandbox_junit_cleanup,org.sandbox.jdt.internal.corext.fix.helper,TestExpectedAndTimeoutJUnitPlugin.Parameters,0,9,0,0,0,1,0,1,0,1
sandbox_coverage/sandbox_junit_cleanup,org.sandbox.jdt.internal.corext.fix.helper,BeforeJUnitPlugin,0,26,0,2,0,10,0,5,0,4
sandbox_coverage/sandbox_junit_cleanup,org.sandbox.jdt.internal.corext.fix.helper,ParameterizedTestJUnitPlugin,96,734,51,77,18,166,43,31,1,9
sandbox_coverage/sandbox_junit_cleanup,org.sandbox.jdt.internal.corext.fix.helper,RuleTimeoutJUnitPlugin,50,338,25,23,20,77,22,11,1,8
sandbox_coverage/sandbox_junit_cleanup,org.sandbox.jdt.internal.corext.fix.helper,ExternalResourceJUnitPlugin,9,110,5,9,5,25,5,9,1,6
sandbox_coverage/sandbox_junit_cleanup,org.sandbox.jdt.internal.corext.fix.helper,TestTimeoutJUnitPlugin,25,223,13,15,12,59,13,6,1,4
sandbox_coverage/sandbox_junit_cleanup,org.sandbox.jdt.internal.corext.fix.helper,AssumeOptimizationJUnitPlugin,13,151,10,16,7,38,10,10,1,6
sandbox_coverage/sandbox_junit_cleanup,org.sandbox.jdt.internal.corext.fix.helper,RunWithJUnitPlugin,116,1386,90,110,48,313,82,54,2,28
sandbox_coverage/sandbox_junit_cleanup,org.sandbox.jdt.internal.corext.fix.helper,TestExpectedJUnitPlugin,25,232,15,19,12,57,14,8,1,4
sandbox_coverage/sandbox_junit_cleanup,org.sandbox.jdt.internal.corext.fix.helper,SuiteMethodJUnitPlugin.new ASTVisitor() {...},2,84,1,5,1,18,1,4,0,2
sandbox_coverage/sandbox_junit_cleanup,org.sandbox.jdt.internal.corext.fix.helper,RuleExternalResourceJUnitPlugin,24,142,9,11,9,37,9,10,1,8
sandbox_coverage/sandbox_junit_cleanup,org.sandbox.jdt.internal.corext.fix.helper,RuleExpectedExceptionJUnitPlugin.MethodPlan,0,21,0,0,0,1,0,1,0,1
sandbox_coverage/sandbox_junit_cleanup,org.sandbox.jdt.internal.corext.fix.helper,JUnit6CompatibilityJUnitPlugin,8,119,5,5,4,32,5,6,1,5
sandbox_coverage/sandbox_junit_cleanup,org.sandbox.jdt.internal.corext.fix.helper,RuleTemporayFolderJUnitPlugin.InvocationPlan,9,0,0,0,1,0,1,0,1,0
sandbox_coverage/sandbox_junit_cleanup,org.sandbox.jdt.internal.corext.fix.helper,RuleTemporayFolderJUnitPlugin.new ASTVisitor() {...},0,87,3,15,0,18,3,9,0,3
sandbox_coverage/sandbox_junit_cleanup,org.sandbox.jdt.internal.corext.fix.helper,ParameterizedMigrationEligibility,46,417,37,79,13,97,33,34,0,9
sandbox_coverage/sandbox_junit_cleanup,org.sandbox.jdt.internal.corext.fix.helper,RuleTemporayFolderJUnitPlugin.new ASTVisitor() {...},2,61,1,5,1,9,1,4,0,2
sandbox_coverage/sandbox_junit_cleanup,org.sandbox.jdt.internal.corext.fix.helper,AfterJUnitPlugin,6,20,2,0,3,7,2,3,1,3
sandbox_coverage/sandbox_junit_cleanup,org.sandbox.jdt.internal.corext.fix.helper,RuleTemporayFolderJUnitPlugin.new ASTVisitor() {...},0,54,1,11,0,9,1,7,0,2
sandbox_coverage/sandbox_junit_cleanup,org.sandbox.jdt.internal.corext.fix.helper,RuleTemporayFolderJUnitPlugin.new ASTVisitor() {...},0,30,1,3,0,6,1,3,0,2
sandbox_coverage/sandbox_junit_cleanup,org.sandbox.jdt.internal.corext.fix.helper,RuleTemporayFolderJUnitPlugin.new SearchRequestor() {...},9,37,3,3,3,7,3,2,0,2
sandbox_coverage/sandbox_junit_cleanup,org.sandbox.jdt.internal.corext.fix.helper,RunWithMigrationEligibility,57,329,37,59,15,60,34,22,1,7
sandbox_coverage/sandbox_junit_cleanup,org.sandbox.jdt.internal.corext.fix.helper,JdtUiInheritedTestsRunnerMigration.new ASTVisitor() {...},15,31,6,2,2,5,4,2,0,2
sandbox_coverage/sandbox_junit_cleanup,org.sandbox.jdt.internal.corext.fix.helper,BeforeClassJUnitPlugin,6,5,2,0,3,2,2,2,1,2
sandbox_coverage/sandbox_junit_cleanup,org.sandbox.jdt.internal.corext.fix.helper,JdtUiInheritedTestsRunnerMigration.Assessment,0,31,0,0,0,5,0,3,0,3
sandbox_coverage/sandbox_junit_cleanup,org.sandbox.jdt.internal.corext.fix.helper,RuleTimeoutJUnitPlugin.TimeoutInfo,0,9,0,0,0,4,0,1,0,1
sandbox_coverage/sandbox_junit_cleanup,org.sandbox.jdt.internal.corext.fix.helper,TestJUnitPlugin,6,5,2,0,3,2,2,2,1,2
sandbox_coverage/sandbox_xml_cleanup,org.sandbox.jdt.internal.ui.preferences.cleanup,CleanUpMessages,7,0,0,0,3,0,2,0,2,0
sandbox_coverage/sandbox_xml_cleanup,org.sandbox.jdt.internal.ui.preferences.cleanup,DefaultCleanUpOptionsInitializer,0,8,0,0,0,3,0,2,0,2
sandbox_coverage/sandbox_xml_cleanup,org.sandbox.jdt.internal.ui.preferences.cleanup,SaveActionCleanUpOptionsInitializer,8,0,0,0,3,0,2,0,2,0
sandbox_coverage/sandbox_xml_cleanup,org.sandbox.jdt.internal.ui.preferences.cleanup,SandboxCodeTabPage,73,0,0,0,18,0,4,0,4,0
sandbox_coverage/sandbox_xml_cleanup,org.sandbox.jdt.internal.corext.fix,XMLCleanUpFixCore,71,0,4,0,13,0,8,0,6,0
sandbox_coverage/sandbox_xml_cleanup,org.sandbox.jdt.internal.corext.fix,XMLCleanUpFixCore.new CompilationUnitRewriteOperationsFixCore.CompilationUnitRewriteOperation() {...},53,0,4,0,12,0,4,0,2,0
sandbox_coverage/sandbox_xml_cleanup,org.sandbox.jdt.internal.ui.handlers,XMLCleanupMarkerHandler,93,0,12,0,26,0,11,0,5,0
sandbox_coverage/sandbox_xml_cleanup,org.sandbox.jdt.internal.ui.handlers,XMLCleanupHandler,238,0,28,0,65,0,19,0,5,0
sandbox_coverage/sandbox_xml_cleanup,org.sandbox.jdt.internal.ui.handlers,XMLCleanupMarkerHandler.new Job() {...},81,0,6,0,16,0,6,0,3,0
sandbox_coverage/sandbox_xml_cleanup,org.sandbox.jdt.internal.ui.handlers,XMLCleanupHandler.new Job() {...},17,0,0,0,2,0,2,0,2,0
sandbox_coverage/sandbox_xml_cleanup,org.sandbox.jdt.internal.ui.fix,XMLCleanUpCore,152,0,12,0,38,0,16,0,10,0
sandbox_coverage/sandbox_xml_cleanup,org.sandbox.jdt.internal.ui.fix,MultiFixMessages,7,0,0,0,3,0,2,0,2,0
sandbox_coverage/sandbox_xml_cleanup,org.sandbox.jdt.internal.ui.fix,XMLCleanUp,11,0,0,0,4,0,2,0,2,0
sandbox_coverage/sandbox_xml_cleanup,org.sandbox.jdt.internal.corext.fix.helper,XMLCleanupService,76,157,27,17,19,34,21,9,2,6
sandbox_coverage/sandbox_xml_cleanup,org.sandbox.jdt.internal.corext.fix.helper,ExsdMarkerResolutionGenerator,14,26,1,1,5,6,1,4,0,4
sandbox_coverage/sandbox_xml_cleanup,org.sandbox.jdt.internal.corext.fix.helper,XMLCandidateHit,12,0,0,0,6,0,2,0,2,0
sandbox_coverage/sandbox_xml_cleanup,org.sandbox.jdt.internal.corext.fix.helper,XMLResourceSupport.Transformation,0,32,0,2,0,5,0,4,0,3
sandbox_coverage/sandbox_xml_cleanup,org.sandbox.jdt.internal.corext.fix.helper,AbstractTool,16,0,0,0,4,0,4,0,4,0
sandbox_coverage/sandbox_xml_cleanup,org.sandbox.jdt.internal.corext.fix.helper,ReplaceSpacesWithTabsQuickFix,21,49,1,1,5,14,1,4,0,4
sandbox_coverage/sandbox_xml_cleanup,org.sandbox.jdt.internal.corext.fix.helper,PdeXmlCleanupMarkerService,6,141,5,13,3,32,5,9,0,5
sandbox_coverage/sandbox_xml_cleanup,org.sandbox.jdt.internal.corext.fix.helper,XMLResourceSupport,109,550,21,49,24,125,19,33,0,17
sandbox_coverage/sandbox_xml_cleanup,org.sandbox.jdt.internal.corext.fix.helper,XMLPlugin,270,0,40,0,72,0,31,0,11,0
sandbox_coverage/sandbox_xml_cleanup,org.sandbox.jdt.internal.corext.fix.helper,SchemaTransformationUtils.IndentationFinding,0,12,0,0,0,1,0,1,0,1
sandbox_coverage/sandbox_xml_cleanup,org.sandbox.jdt.internal.corext.fix.helper,XMLResourceSupport.Snapshot,5,34,0,0,1,5,1,2,1,2
sandbox_coverage/sandbox_xml_cleanup,org.sandbox.jdt.internal.corext.fix.helper,SchemaTransformationUtils,13,306,5,43,5,75,5,28,0,9
sandbox_coverage/sandbox_xml_cleanup,org.sandbox.jdt.internal.corext.fix.helper,SchemaTransformationUtils.ProtectedXmlRegions,0,86,0,10,0,20,0,8,0,3
sandbox_coverage/sandbox_xml_cleanup,org.sandbox.jdt.internal.corext.fix.helper,SchemaTransformationUtils.ProtectedXmlRegion,0,12,0,0,0,1,0,1,0,1
sandbox_coverage/sandbox_xml_cleanup,org.sandbox.jdt.internal.corext.fix.helper,XMLResourceSupport.Decoded,0,21,0,0,0,4,0,2,0,2
sandbox_coverage/sandbox_method_reuse,org.sandbox.jdt.internal.ui.preferences.cleanup,CleanUpMessages,4,0,0,0,2,0,1,0,1,0
sandbox_coverage/sandbox_method_reuse,org.sandbox.jdt.internal.ui.preferences.cleanup,DefaultCleanUpOptionsInitializer,0,16,0,0,0,6,0,2,0,2
sandbox_coverage/sandbox_method_reuse,org.sandbox.jdt.internal.ui.preferences.cleanup,SandboxCodeTabPage,117,0,0,0,34,0,5,0,5,0
sandbox_coverage/sandbox_method_reuse,org.sandbox.jdt.internal.corext.fix,MethodReuseCleanUpFixCore.new CompilationUnitRewriteOperationsFixCore.CompilationUnitRewriteOperation() {...},0,34,0,0,0,7,0,2,0,2
sandbox_coverage/sandbox_method_reuse,org.sandbox.jdt.internal.corext.fix,MethodReuseCleanUpFixCore,8,42,0,0,2,10,1,5,1,5
sandbox_coverage/sandbox_method_reuse,org.sandbox.jdt.internal.ui.fix,MultiFixMessages,3,4,0,0,1,2,1,1,1,1
sandbox_coverage/sandbox_method_reuse,org.sandbox.jdt.internal.ui.fix,MethodReuseCleanUpCore,27,162,11,21,7,43,11,14,0,9
sandbox_coverage/sandbox_method_reuse,org.sandbox.jdt.internal.ui.fix,MethodReuseCleanUp,0,11,0,0,0,4,0,2,0,2
sandbox_coverage/sandbox_method_reuse,org.sandbox.jdt.internal.corext.fix.helper.lib,SideEffectAnalyzer,78,0,18,0,26,0,15,0,6,0
sandbox_coverage/sandbox_method_reuse,org.sandbox.jdt.internal.corext.fix.helper.lib,VariableMapping,20,86,2,6,3,16,4,9,2,7
sandbox_coverage/sandbox_method_reuse,org.sandbox.jdt.internal.corext.fix.helper.lib,InlineCodeSequenceFinder,10,99,5,13,4,24,6,8,1,4
sandbox_coverage/sandbox_method_reuse,org.sandbox.jdt.internal.corext.fix.helper.lib,MethodCallReplacer,121,97,29,9,30,25,20,4,3,2
sandbox_coverage/sandbox_method_reuse,org.sandbox.jdt.internal.corext.fix.helper.lib,CodePatternMatcher,49,0,14,0,13,0,12,0,5,0
sandbox_coverage/sandbox_method_reuse,org.sandbox.jdt.internal.corext.fix.helper.lib,SideEffectAnalyzer.FieldModificationVisitor,73,0,18,0,21,0,15,0,6,0
sandbox_coverage/sandbox_method_reuse,org.sandbox.jdt.internal.corext.fix.helper.lib,AbstractMethodReuse,2,3,0,0,2,1,2,1,2,1
sandbox_coverage/sandbox_method_reuse,org.sandbox.jdt.internal.corext.fix.helper.lib,SideEffectAnalyzer.UnsafeMethodCallVisitor,46,0,10,0,13,0,9,0,4,0
sandbox_coverage/sandbox_method_reuse,org.sandbox.jdt.internal.corext.fix.helper.lib,CodeSequenceMatcher.VariableMappingMatcher,4,40,2,4,2,13,2,3,0,2
sandbox_coverage/sandbox_method_reuse,org.sandbox.jdt.internal.corext.fix.helper.lib,CodeSequenceMatcher,17,106,9,19,8,26,10,7,1,2
sandbox_coverage/sandbox_method_reuse,org.sandbox.jdt.internal.corext.fix.helper.lib,InlineCodeSequenceFinder.InlineSequenceMatch,3,18,0,0,1,7,1,3,1,3
sandbox_coverage/sandbox_method_reuse,org.sandbox.jdt.internal.corext.fix.helper.lib,MethodSignatureAnalyzer,63,0,12,0,13,0,11,0,5,0
sandbox_coverage/sandbox_method_reuse,org.sandbox.jdt.internal.corext.fix.helper,RepeatedCodeSequenceExtractor.Candidate,0,21,0,0,0,1,0,1,0,1
sandbox_coverage/sandbox_method_reuse,org.sandbox.jdt.internal.corext.fix.helper,InlineSequencesPlugin,87,274,23,21,23,63,21,8,1,6
sandbox_coverage/sandbox_method_reuse,org.sandbox.jdt.internal.corext.fix.helper,RepeatedCodeSequenceExtractor.PreparedExtraction,7,41,2,2,2,6,2,3,0,3
sandbox_coverage/sandbox_method_reuse,org.sandbox.jdt.internal.corext.fix.helper,RepeatedCodeSequenceExtractor.new ASTVisitor() {...},2,68,3,7,1,12,3,5,0,3
sandbox_coverage/sandbox_method_reuse,org.sandbox.jdt.internal.corext.fix.helper,RepeatedCodeSequenceExtractor,94,396,39,49,18,88,35,25,2,14
sandbox_coverage/sandbox_triggerpattern,org.sandbox.jdt.internal.ui,RuleInferenceUiFeedback,85,0,16,0,27,0,17,0,9,0
sandbox_coverage/sandbox_triggerpattern,org.sandbox.jdt.triggerpattern.shift,ShiftOutOfRangeHintProvider,195,0,48,0,55,0,29,0,5,0
sandbox_coverage/sandbox_triggerpattern,org.sandbox.jdt.internal.ui.fix,OverridableCallInConstructorCleanUpCore,16,10,2,0,7,5,5,3,4,3
sandbox_coverage/sandbox_triggerpattern,org.sandbox.jdt.internal.ui.fix,MultiFixMessages,0,4,0,0,0,2,0,1,0,1
sandbox_coverage/sandbox_triggerpattern,org.sandbox.jdt.internal.ui.fix,ThreadingCleanUp,0,11,0,0,0,4,0,2,0,2
sandbox_coverage/sandbox_triggerpattern,org.sandbox.jdt.internal.ui.fix,SystemOutCleanUp,0,11,0,0,0,4,0,2,0,2
sandbox_coverage/sandbox_triggerpattern,org.sandbox.jdt.internal.ui.fix,HintFileCleanUpCore,325,18,64,0,81,7,38,3,6,3
sandbox_coverage/sandbox_triggerpattern,org.sandbox.jdt.internal.ui.fix,SystemOutCleanUpCore,16,10,2,0,7,5,5,3,4,3
sandbox_coverage/sandbox_triggerpattern,org.sandbox.jdt.internal.ui.fix,MissingHashCodeCleanUp,0,11,0,0,0,4,0,2,0,2
sandbox_coverage/sandbox_triggerpattern,org.sandbox.jdt.internal.ui.fix,PrintStackTraceCleanUp,0,11,0,0,0,4,0,2,0,2
sandbox_coverage/sandbox_triggerpattern,org.sandbox.jdt.internal.ui.fix,WrongStringComparisonCleanUp,0,11,0,0,0,4,0,2,0,2
sandbox_coverage/sandbox_triggerpattern,org.sandbox.jdt.internal.ui.fix,MissingHashCodeCleanUpCore,16,10,2,0,7,5,5,3,4,3
sandbox_coverage/sandbox_triggerpattern,org.sandbox.jdt.internal.ui.fix,ShiftOutOfRangeCleanUpCore,16,68,3,7,6,22,4,8,2,5
sandbox_coverage/sandbox_triggerpattern,org.sandbox.jdt.internal.ui.fix,ObsoleteCollectionCleanUpCore,16,10,2,0,7,5,5,3,4,3
sandbox_coverage/sandbox_triggerpattern,org.sandbox.jdt.internal.ui.fix,ThreadingCleanUpCore,16,68,3,7,6,22,4,8,2,5
sandbox_coverage/sandbox_triggerpattern,org.sandbox.jdt.internal.ui.fix,WrongStringComparisonCleanUpCore,14,12,2,0,6,6,4,4,3,4
sandbox_coverage/sandbox_triggerpattern,org.sandbox.jdt.internal.ui.fix,StringSimplificationCleanUp,0,11,0,0,0,4,0,2,0,2
sandbox_coverage/sandbox_triggerpattern,org.sandbox.jdt.internal.ui.fix,PrintStackTraceCleanUpCore,16,10,2,0,7,5,5,3,4,3
sandbox_coverage/sandbox_triggerpattern,org.sandbox.jdt.internal.ui.fix,ObsoleteCollectionCleanUp,0,11,0,0,0,4,0,2,0,2
sandbox_coverage/sandbox_triggerpattern,org.sandbox.jdt.internal.ui.fix,StringSimplificationCleanUpCore,16,68,3,7,6,22,4,8,2,5
sandbox_coverage/sandbox_triggerpattern,org.sandbox.jdt.internal.ui.fix,HintFileCleanUp,0,11,0,0,0,4,0,2,0,2
sandbox_coverage/sandbox_triggerpattern,org.sandbox.jdt.internal.ui.fix,OverridableCallInConstructorCleanUp,0,11,0,0,0,4,0,2,0,2
sandbox_coverage/sandbox_triggerpattern,org.sandbox.jdt.internal.ui.fix,ShiftOutOfRangeCleanUp,0,11,0,0,0,4,0,2,0,2
sandbox_coverage/sandbox_triggerpattern,org.sandbox.jdt.internal.ui.fix,AbstractSandboxCleanUpCore,12,78,3,11,3,21,4,8,1,4
sandbox_coverage/sandbox_triggerpattern,org.sandbox.jdt.internal.ui.preferences,LlmSecureCredentials,150,136,23,25,50,40,22,14,7,5
sandbox_coverage/sandbox_triggerpattern,org.sandbox.jdt.internal.ui.preferences,LlmPreferencePage,197,91,16,2,55,12,16,3,8,2
sandbox_coverage/sandbox_triggerpattern,org.sandbox.jdt.internal.ui.preferences,LlmPreferenceInitializer,24,0,0,0,7,0,2,0,2,0
sandbox_coverage/sandbox_triggerpattern,org.sandbox.jdt.triggerpattern.string,StringSimplificationHintProvider,1044,0,92,0,315,0,61,0,15,0
sandbox_coverage/sandbox_triggerpattern,org.sandbox.jdt.internal.ui.wizard,SandboxHintTemplates.new SandboxHintTemplates() {...},8,0,0,0,2,0,2,0,2,0
sandbox_coverage/sandbox_triggerpattern,org.sandbox.jdt.internal.ui.wizard,SandboxHintTemplates.new SandboxHintTemplates() {...},8,0,0,0,2,0,2,0,2,0
sandbox_coverage/sandbox_triggerpattern,org.sandbox.jdt.internal.ui.wizard,SandboxHintTemplates.new SandboxHintTemplates() {...},8,0,0,0,2,0,2,0,2,0
sandbox_coverage/sandbox_triggerpattern,org.sandbox.jdt.internal.ui.wizard,SandboxHintTemplates.new SandboxHintTemplates() {...},8,0,0,0,2,0,2,0,2,0
sandbox_coverage/sandbox_triggerpattern,org.sandbox.jdt.internal.ui.wizard,SandboxHintTemplates.new SandboxHintTemplates() {...},8,0,0,0,2,0,2,0,2,0
sandbox_coverage/sandbox_triggerpattern,org.sandbox.jdt.internal.ui.wizard,SandboxHintTemplates.new SandboxHintTemplates() {...},8,0,0,0,2,0,2,0,2,0
sandbox_coverage/sandbox_triggerpattern,org.sandbox.jdt.internal.ui.wizard,NewSandboxHintFileWizardPage.new SelectionAdapter() {...},45,0,8,0,8,0,6,0,2,0
sandbox_coverage/sandbox_triggerpattern,org.sandbox.jdt.internal.ui.wizard,NewSandboxHintFileWizardPage.new SelectionAdapter() {...},10,0,0,0,3,0,2,0,2,0
sandbox_coverage/sandbox_triggerpattern,org.sandbox.jdt.internal.ui.wizard,NewSandboxHintFileWizardPage,652,0,38,0,130,0,35,0,16,0
sandbox_coverage/sandbox_triggerpattern,org.sandbox.jdt.internal.ui.wizard,NewSandboxHintFileWizard,372,0,46,0,91,0,32,0,9,0
sandbox_coverage/sandbox_triggerpattern,org.sandbox.jdt.internal.ui.wizard,NewRuleWizardPage,850,0,60,0,190,0,48,0,18,0
sandbox_coverage/sandbox_triggerpattern,org.sandbox.jdt.internal.ui.wizard,SandboxHintTemplates,81,0,0,0,17,0,3,0,3,0
sandbox_coverage/sandbox_triggerpattern,org.sandbox.jdt.internal.ui.wizard,NewRuleWizardPage.new Job() {...},67,0,8,0,15,0,7,0,3,0
sandbox_coverage/sandbox_triggerpattern,org.sandbox.jdt.internal.ui.wizard,NewRuleWizardPage.new SelectionAdapter() {...},10,0,0,0,3,0,2,0,2,0
sandbox_coverage/sandbox_triggerpattern,org.sandbox.jdt.internal.ui.wizard,NewRuleWizardPage.new SelectionAdapter() {...},10,0,0,0,3,0,2,0,2,0
sandbox_coverage/sandbox_triggerpattern,org.sandbox.jdt.internal.ui.wizard,NewRuleWizardPage.new SelectionAdapter() {...},10,0,0,0,3,0,2,0,2,0
sandbox_coverage/sandbox_triggerpattern,org.sandbox.jdt.internal.ui.wizard,NewRuleWizardPage.new SelectionAdapter() {...},10,0,0,0,3,0,2,0,2,0
sandbox_coverage/sandbox_triggerpattern,org.sandbox.jdt.internal.ui.views.mining,RefactoringMiningView.new Action() {...},16,0,2,0,4,0,3,0,2,0
sandbox_coverage/sandbox_triggerpattern,org.sandbox.jdt.internal.ui.views.mining,RefactoringMiningView.new Action() {...},11,0,0,0,3,0,2,0,2,0
sandbox_coverage/sandbox_triggerpattern,org.sandbox.jdt.internal.ui.views.mining,RefactoringMiningView.new ISelectionChangedListener() {...},34,0,4,0,7,0,4,0,2,0
sandbox_coverage/sandbox_triggerpattern,org.sandbox.jdt.internal.ui.views.mining,RefactoringMiningView.new LabelProvider() {...},19,0,2,0,2,0,3,0,2,0
sandbox_coverage/sandbox_triggerpattern,org.sandbox.jdt.internal.ui.views.mining,RefactoringMiningView.new Action() {...},11,0,0,0,3,0,2,0,2,0
sandbox_coverage/sandbox_triggerpattern,org.sandbox.jdt.internal.ui.views.mining,CommitAnalysisScheduler.Progress,0,21,0,0,0,1,0,1,0,1
sandbox_coverage/sandbox_triggerpattern,org.sandbox.jdt.internal.ui.views.mining,CommitTableLabelProvider,219,0,36,0,52,0,34,0,13,0
sandbox_coverage/sandbox_triggerpattern,org.sandbox.jdt.internal.ui.views.mining,CommitAnalysisScheduler.new ISchedulingRule() {...},0,20,0,4,0,3,0,5,0,3
sandbox_coverage/sandbox_triggerpattern,org.sandbox.jdt.internal.ui.views.mining,CommitAnalysisScheduler.new Job() {...},19,198,11,15,4,34,10,7,0,4
sandbox_coverage/sandbox_triggerpattern,org.sandbox.jdt.internal.ui.views.mining,CommitTableEntry,49,82,15,7,9,24,14,11,3,11
sandbox_coverage/sandbox_triggerpattern,org.sandbox.jdt.internal.ui.views.mining,CommitAnalysisScheduler,29,238,7,13,6,54,9,15,2,12
sandbox_coverage/sandbox_triggerpattern,org.sandbox.jdt.internal.ui.views.mining,CommitTableContentProvider,14,0,2,0,4,0,3,0,2,0
sandbox_coverage/sandbox_triggerpattern,org.sandbox.jdt.internal.ui.views.mining,RefactoringMiningView,578,19,44,4,132,4,36,3,14,1
sandbox_coverage/sandbox_triggerpattern,org.sandbox.jdt.internal.ui.views.mining,InferredRuleDetailPanel,254,396,43,27,49,76,37,10,3,6
sandbox_coverage/sandbox_triggerpattern,org.sandbox.jdt.internal.ui.views.mining,CommitAnalysisJob,366,109,40,12,71,29,28,7,5,4
sandbox_coverage/sandbox_triggerpattern,org.sandbox.jdt.internal.ui.preferences.cleanup,SaveActionCleanUpOptionsInitializer,68,0,0,0,18,0,2,0,2,0
sandbox_coverage/sandbox_triggerpattern,org.sandbox.jdt.internal.ui.preferences.cleanup,CleanUpMessages,4,0,0,0,2,0,1,0,1,0
sandbox_coverage/sandbox_triggerpattern,org.sandbox.jdt.internal.ui.preferences.cleanup,DefaultCleanUpOptionsInitializer,0,68,0,0,0,18,0,2,0,2
sandbox_coverage/sandbox_triggerpattern,org.sandbox.jdt.internal.ui.preferences.cleanup,SandboxCodeTabPage,548,0,0,0,160,0,4,0,4,0
sandbox_coverage/sandbox_triggerpattern,org.sandbox.jdt.internal.corext.fix,MissingHashCodeFixCore.new ASTVisitor() {...},8,92,10,10,3,21,9,3,0,2
sandbox_coverage/sandbox_triggerpattern,org.sandbox.jdt.internal.corext.fix,StringSimplificationFixCore.SimplifyTernaryOperation,2,77,3,5,2,23,3,3,0,2
sandbox_coverage/sandbox_triggerpattern,org.sandbox.jdt.internal.corext.fix,ShiftOutOfRangeFixCore.ShiftOutOfRangeOperation,1,44,1,1,1,13,1,2,0,2
sandbox_coverage/sandbox_triggerpattern,org.sandbox.jdt.internal.corext.fix,StringSimplificationFixCore.IsEmptyOperation,1,59,2,2,1,16,2,2,0,2
sandbox_coverage/sandbox_triggerpattern,org.sandbox.jdt.internal.corext.fix,StringSimplificationFixCore.SimplifyBooleanOperation,2,77,3,5,2,23,3,3,0,2
sandbox_coverage/sandbox_triggerpattern,org.sandbox.jdt.internal.corext.fix,StringSimplificationFixCore.MethodToStringValueOfOperation,2,68,3,3,2,18,3,2,0,2
sandbox_coverage/sandbox_triggerpattern,org.sandbox.jdt.internal.corext.fix,StringSimplificationFixCore.ObjectsEqualsOperation,2,107,5,5,2,27,5,2,0,2
sandbox_coverage/sandbox_triggerpattern,org.sandbox.jdt.internal.corext.fix,OverridableCallInConstructorFixCore.new ASTVisitor() {...},0,30,1,3,0,6,1,3,0,2
sandbox_coverage/sandbox_triggerpattern,org.sandbox.jdt.internal.corext.fix,OverridableCallInConstructorFixCore.1.new ASTVisitor() {...},7,57,7,5,2,16,6,2,0,2
sandbox_coverage/sandbox_triggerpattern,org.sandbox.jdt.internal.corext.fix,StringSimplificationFixCore.CollectionIsEmptyOperation,1,83,2,4,1,25,2,3,0,2
sandbox_coverage/sandbox_triggerpattern,org.sandbox.jdt.internal.corext.fix,WrongStringComparisonFixCore.new ASTVisitor() {...},2,68,2,12,1,17,2,7,0,2
sandbox_coverage/sandbox_triggerpattern,org.sandbox.jdt.internal.corext.fix,ThreadingFixCore.ThreadRunToStartOperation,1,57,2,2,1,16,2,2,0,2
sandbox_coverage/sandbox_triggerpattern,org.sandbox.jdt.internal.corext.fix,StringSimplificationFixCore.RequireNonNullElseOperation,2,95,5,5,2,24,5,2,0,2
sandbox_coverage/sandbox_triggerpattern,org.sandbox.jdt.internal.corext.fix,StringSimplificationFixCore.StringValueOfOperation,2,71,3,3,2,19,3,2,0,2
sandbox_coverage/sandbox_triggerpattern,org.sandbox.jdt.internal.corext.fix,WrongStringComparisonFixCore.WrongStringComparisonOperation,0,80,0,2,0,25,0,3,0,2
sandbox_coverage/sandbox_triggerpattern,org.sandbox.jdt.internal.corext.fix,PrintStackTraceFixCore.new ASTVisitor() {...},4,55,5,5,2,14,5,2,0,2
sandbox_coverage/sandbox_triggerpattern,org.sandbox.jdt.internal.corext.fix,PrintStackTraceFixCore,8,20,2,2,3,6,3,2,1,2
sandbox_coverage/sandbox_triggerpattern,org.sandbox.jdt.internal.corext.fix,SystemOutFixCore.new ASTVisitor() {...},2,40,2,2,1,11,2,2,0,2
sandbox_coverage/sandbox_triggerpattern,org.sandbox.jdt.internal.corext.fix,SystemOutFixCore,91,27,28,4,23,6,18,3,3,2
sandbox_coverage/sandbox_triggerpattern,org.sandbox.jdt.internal.corext.fix,WrongStringComparisonFixCore,3,7,0,0,1,2,1,1,1,1
sandbox_coverage/sandbox_triggerpattern,org.sandbox.jdt.internal.corext.fix,ShiftOutOfRangeFixCore,9,214,18,36,7,50,19,12,1,3
sandbox_coverage/sandbox_triggerpattern,org.sandbox.jdt.internal.corext.fix,ThreadingFixCore,20,75,7,11,8,21,6,8,1,4
sandbox_coverage/sandbox_triggerpattern,org.sandbox.jdt.internal.corext.fix,MissingHashCodeFixCore,3,8,0,0,1,2,1,1,1,1
sandbox_coverage/sandbox_triggerpattern,org.sandbox.jdt.internal.corext.fix,OverridableCallInConstructorFixCore,3,8,0,0,1,2,1,1,1,1
sandbox_coverage/sandbox_triggerpattern,org.sandbox.jdt.internal.corext.fix,StringSimplificationFixCore,3,406,0,28,1,58,1,16,1,2
sandbox_coverage/sandbox_triggerpattern,org.sandbox.jdt.internal.corext.fix,ObsoleteCollectionFixCore,3,14,0,0,1,7,1,2,1,2
sandbox_coverage/sandbox_triggerpattern,org.sandbox.jdt.internal.corext.fix,ObsoleteCollectionFixCore.new ASTVisitor() {...},35,51,7,3,8,13,5,3,0,3
sandbox_coverage/sandbox_triggerpattern,org.sandbox.jdt.internal.ui.handlers,MineWorkingTreeHandler.new Job() {...},32,0,0,0,6,0,2,0,2,0
sandbox_coverage/sandbox_triggerpattern,org.sandbox.jdt.internal.ui.handlers,MineDiffHandler.new Job() {...},60,0,6,0,14,0,5,0,2,0
sandbox_coverage/sandbox_triggerpattern,org.sandbox.jdt.internal.ui.handlers,MineDiffHandler,125,0,14,0,35,0,12,0,5,0
sandbox_coverage/sandbox_triggerpattern,org.sandbox.jdt.internal.ui.handlers,NewHintFromSelectionHandler,124,0,20,0,35,0,15,0,5,0
sandbox_coverage/sandbox_triggerpattern,org.sandbox.jdt.internal.ui.handlers,MineWorkingTreeHandler,203,0,24,0,60,0,19,0,7,0
sandbox_coverage/sandbox_triggerpattern,org.sandbox.jdt.internal.ui.editor,DslContentAssistProcessor,244,0,10,0,63,0,15,0,10,0
sandbox_coverage/sandbox_triggerpattern,org.sandbox.jdt.triggerpattern.concurrency,DoubleCheckLockingHintProvider,183,0,42,0,58,0,26,0,5,0
sandbox_coverage/sandbox_triggerpattern,org.sandbox.jdt.triggerpattern.mining.llm,EclipseLlmService,147,161,24,28,43,43,20,20,3,9
sandbox_coverage/sandbox_triggerpattern,org.sandbox.jdt.triggerpattern.encoding,CharsetForNameEncodingPlugin,28,3,2,0,9,1,4,1,3,1
sandbox_coverage/sandbox_triggerpattern,org.sandbox.jdt.triggerpattern.encoding,EncodingHolder,28,0,2,0,8,0,6,0,5,0
sandbox_coverage/sandbox_triggerpattern,org.sandbox.jdt.triggerpattern.encoding,StringGetBytesEncodingPlugin,28,3,2,0,9,1,4,1,3,1
sandbox_coverage/sandbox_triggerpattern,org.sandbox.jdt.triggerpattern.encoding,StringConstructorEncodingPlugin,28,3,2,0,9,1,4,1,3,1
sandbox_coverage/sandbox_triggerpattern,org.sandbox.jdt.internal.ui.quickassist,DslFromSelectionAssistProcessor.DslRuleProposal.new Job() {...},105,0,8,0,19,0,6,0,2,0
sandbox_coverage/sandbox_triggerpattern,org.sandbox.jdt.internal.ui.quickassist,DslFromSelectionAssistProcessor,60,0,14,0,15,0,12,0,5,0
sandbox_coverage/sandbox_triggerpattern,org.sandbox.jdt.internal.ui.quickassist,DslFromSelectionAssistProcessor.DslRuleProposal,99,0,2,0,31,0,11,0,10,0
sandbox_coverage/sandbox_usage_view,org.sandbox.jdt.ui.helper.views.preferences,UsageViewPreferencePage,22,0,0,0,10,0,3,0,3,0
sandbox_coverage/sandbox_usage_view,org.sandbox.jdt.ui.helper.views,NamingConflictFilter,15,101,4,10,3,16,4,9,1,5
sandbox_coverage/sandbox_usage_view,org.sandbox.jdt.ui.helper.views,JHViewContentProvider,154,103,18,10,29,30,17,9,4,8
sandbox_coverage/sandbox_usage_view,org.sandbox.jdt.ui.helper.views,JavaHelperView.new IPartListener2() {...},46,31,8,4,5,10,10,8,4,8
sandbox_coverage/sandbox_usage_view,org.sandbox.jdt.ui.helper.views,JHPluginImages,9,45,0,0,4,12,0,3,0,3
sandbox_coverage/sandbox_usage_view,org.sandbox.jdt.ui.helper.views,JavaHelperView.new ASTVisitor() {...},77,0,8,0,9,0,6,0,2,0
sandbox_coverage/sandbox_usage_view,org.sandbox.jdt.ui.helper.views,JavaHelperView.new Action() {...},21,0,0,0,3,0,2,0,2,0
sandbox_coverage/sandbox_usage_view,org.sandbox.jdt.ui.helper.views,JavaHelperView.new Action() {...},27,8,0,0,8,1,1,1,1,1
sandbox_coverage/sandbox_usage_view,org.sandbox.jdt.ui.helper.views,JavaHelperView.new Action() {...},14,8,0,0,2,1,2,1,2,1
sandbox_coverage/sandbox_usage_view,org.sandbox.jdt.ui.helper.views,JavaHelperView.new Action() {...},9,8,0,0,3,1,1,1,1,1
sandbox_coverage/sandbox_usage_view,org.sandbox.jdt.ui.helper.views,TypeWideningCache,22,8,0,0,7,2,4,1,4,1
sandbox_coverage/sandbox_usage_view,org.sandbox.jdt.ui.helper.views,JavaHelperView.new Action() {...},4,7,0,0,2,1,1,1,1,1
sandbox_coverage/sandbox_usage_view,org.sandbox.jdt.ui.helper.views,JavaHelperView.new Action() {...},6,8,0,0,2,1,1,1,1,1
sandbox_coverage/sandbox_usage_view,org.sandbox.jdt.ui.helper.views,UsageViewStartup,7,37,4,4,2,15,4,3,0,3
sandbox_coverage/sandbox_usage_view,org.sandbox.jdt.ui.helper.views,UsageViewPlugin,4,22,0,0,1,11,1,5,1,5
sandbox_coverage/sandbox_usage_view,org.sandbox.jdt.ui.helper.views,VariableBindingContentProviderWithProgress,298,0,42,0,66,0,30,0,9,0
sandbox_coverage/sandbox_usage_view,org.sandbox.jdt.ui.helper.views,JavaHelperView,1158,505,174,10,300,125,118,18,26,18
sandbox_coverage/sandbox_usage_view,org.sandbox.jdt.ui.helper.views,VariableNameSuggester,124,0,24,0,34,0,17,0,5,0
sandbox_coverage/sandbox_usage_view,org.sandbox.jdt.ui.helper.views,JHViewSelectionProvider,99,40,18,0,22,12,12,4,3,4
sandbox_coverage/sandbox_usage_view,org.sandbox.jdt.ui.helper.views,VariableBindingVisitor,0,40,0,2,0,12,0,6,0,5
sandbox_coverage/sandbox_usage_view,org.sandbox.jdt.ui.helper.views,FieldOrJavaVariable,33,0,0,0,14,0,7,0,7,0
sandbox_coverage/sandbox_usage_view,org.sandbox.jdt.ui.helper.views.colum,WidestTypeColumn.new ConflictHighlightingLabelProvider() {...},12,6,0,0,2,1,2,1,2,1
sandbox_coverage/sandbox_usage_view,org.sandbox.jdt.ui.helper.views.colum,WidestTypeColumn,76,33,12,0,22,9,12,3,6,3
sandbox_coverage/sandbox_usage_view,org.sandbox.jdt.ui.helper.views.colum,QualifiednameColumn.new ConflictHighlightingLabelProvider() {...},13,0,0,0,3,0,2,0,2,0
sandbox_coverage/sandbox_usage_view,org.sandbox.jdt.ui.helper.views.colum,AbstractColumn.new SelectionAdapter() {...},22,15,0,0,6,1,1,1,1,1
sandbox_coverage/sandbox_usage_view,org.sandbox.jdt.ui.helper.views.colum,QualifiednameColumn,34,27,4,0,9,5,6,2,4,2
sandbox_coverage/sandbox_usage_view,org.sandbox.jdt.ui.helper.views.colum,QualifiednameColumn.new ConflictHighlightingLabelProvider() {...},7,6,0,0,2,1,1,1,1,1
sandbox_coverage/sandbox_usage_view,org.sandbox.jdt.ui.helper.views.colum,AbstractColumn,13,62,0,0,4,16,2,6,2,6
sandbox_coverage/sandbox_usage_view,org.sandbox.jdt.ui.helper.views.colum,NameColumn.new ConflictHighlightingLabelProvider() {...},12,0,0,0,3,0,2,0,2,0
sandbox_coverage/sandbox_usage_view,org.sandbox.jdt.ui.helper.views.colum,NameColumn.new ConflictHighlightingLabelProvider() {...},6,6,0,0,2,1,1,1,1,1
sandbox_coverage/sandbox_usage_view,org.sandbox.jdt.ui.helper.views.colum,DeprecatedColumn.new ConflictHighlightingLabelProvider() {...},13,0,0,0,3,0,2,0,2,0
sandbox_coverage/sandbox_usage_view,org.sandbox.jdt.ui.helper.views.colum,DeprecatedColumn.new ConflictHighlightingLabelProvider() {...},7,6,0,0,2,1,1,1,1,1
sandbox_coverage/sandbox_usage_view,org.sandbox.jdt.ui.helper.views.colum,ColumnViewerComparator,57,22,6,0,13,8,6,3,3,3
sandbox_coverage/sandbox_usage_view,org.sandbox.jdt.ui.helper.views.colum,NameColumn,22,27,0,0,5,5,4,2,4,2
sandbox_coverage/sandbox_usage_view,org.sandbox.jdt.ui.helper.views.colum,PackageColumn,52,27,8,0,16,5,9,2,5,2
sandbox_coverage/sandbox_usage_view,org.sandbox.jdt.ui.helper.views.colum,AlternatingColumnLabelProvider,27,0,4,0,7,0,4,0,2,0
sandbox_coverage/sandbox_usage_view,org.sandbox.jdt.ui.helper.views.colum,DeprecatedColumn,34,27,4,0,9,5,6,2,4,2
sandbox_coverage/sandbox_usage_view,org.sandbox.jdt.ui.helper.views.colum,DeclaringMethodColumn.new ConflictHighlightingLabelProvider() {...},6,6,0,0,1,1,1,1,1,1
sandbox_coverage/sandbox_usage_view,org.sandbox.jdt.ui.helper.views.colum,DeclaringMethodColumn.new ConflictHighlightingLabelProvider() {...},12,0,0,0,2,0,2,0,2,0
sandbox_coverage/sandbox_usage_view,org.sandbox.jdt.ui.helper.views.colum,PackageColumn.new ConflictHighlightingLabelProvider() {...},6,6,0,0,1,1,1,1,1,1
sandbox_coverage/sandbox_usage_view,org.sandbox.jdt.ui.helper.views.colum,PackageColumn.new ConflictHighlightingLabelProvider() {...},12,0,0,0,2,0,2,0,2,0
sandbox_coverage/sandbox_usage_view,org.sandbox.jdt.ui.helper.views.colum,ConflictHighlightingLabelProvider,47,21,12,0,14,6,11,2,5,2
sandbox_coverage/sandbox_usage_view,org.sandbox.jdt.ui.helper.views.colum,DeclaringMethodColumn,44,27,6,0,13,5,8,2,5,2
sandbox_coverage/sandbox_css_cleanup,org.sandbox.jdt.internal.css,CSSCleanupPlugin,0,17,0,0,0,8,0,4,0,4
sandbox_coverage/sandbox_css_cleanup,org.sandbox.jdt.internal.css.core,SimpleJsonParser,123,405,26,57,26,97,24,38,1,14
sandbox_coverage/sandbox_css_cleanup,org.sandbox.jdt.internal.css.core,NodeExecutor.ExecutionResult,0,19,0,2,0,6,0,3,0,2
sandbox_coverage/sandbox_css_cleanup,org.sandbox.jdt.internal.css.core,CSSValidationResult.Issue,0,18,0,0,0,7,0,1,0,1
sandbox_coverage/sandbox_css_cleanup,org.sandbox.jdt.internal.css.core,StylelintRunner,196,362,39,37,36,78,36,22,6,14
sandbox_coverage/sandbox_css_cleanup,org.sandbox.jdt.internal.css.core,NodeExecutor,64,341,22,39,20,73,21,26,1,15
sandbox_coverage/sandbox_css_cleanup,org.sandbox.jdt.internal.css.core,NodeExecutor.StreamGobbler,15,56,1,3,5,14,1,5,0,4
sandbox_coverage/sandbox_css_cleanup,org.sandbox.jdt.internal.css.core,CSSValidationResult,0,20,0,2,0,6,0,4,0,3
sandbox_coverage/sandbox_css_cleanup,org.sandbox.jdt.internal.css.core,PrettierRunner,96,127,15,17,20,31,15,11,3,7
sandbox_coverage/sandbox_css_cleanup,org.sandbox.jdt.internal.css.preferences,CSSPreferencePage,156,0,14,0,51,0,13,0,6,0
sandbox_coverage/sandbox_css_cleanup,org.sandbox.jdt.internal.css.ui,CSSCleanupAction.new Job() {...},174,0,18,0,40,0,13,0,4,0
sandbox_coverage/sandbox_css_cleanup,org.sandbox.jdt.internal.css.ui,CSSCleanupAction,100,0,18,0,26,0,15,0,6,0
sandbox_coverage/sandbox_int_to_enum,org.sandbox.jdt.internal.ui.preferences.cleanup,CleanUpMessages,4,0,0,0,2,0,1,0,1,0
sandbox_coverage/sandbox_int_to_enum,org.sandbox.jdt.internal.ui.preferences.cleanup,DefaultCleanUpOptionsInitializer,0,12,0,0,0,4,0,2,0,2
sandbox_coverage/sandbox_int_to_enum,org.sandbox.jdt.internal.ui.preferences.cleanup,SaveActionCleanUpOptionsInitializer,0,12,0,0,0,4,0,2,0,2
sandbox_coverage/sandbox_int_to_enum,org.sandbox.jdt.internal.ui.preferences.cleanup,SandboxCodeTabPage,73,0,0,0,23,0,4,0,4,0
sandbox_coverage/sandbox_int_to_enum,org.sandbox.jdt.internal.corext.fix,IntToEnumFixCore.new ASTVisitor() {...},46,9,8,0,8,1,6,1,2,1
sandbox_coverage/sandbox_int_to_enum,org.sandbox.jdt.internal.corext.fix,IntToEnumFixCore.new ASTVisitor() {...},6,81,8,10,2,14,8,4,0,3
sandbox_coverage/sandbox_int_to_enum,org.sandbox.jdt.internal.corext.fix,IntToEnumFixCore.new CompilationUnitRewriteOperationsFixCore.CompilationUnitRewriteOperationWithSourceRange() {...},5,66,2,6,2,15,2,4,0,2
sandbox_coverage/sandbox_int_to_enum,org.sandbox.jdt.internal.corext.fix,IntToEnumFixCore,23,152,7,13,6,30,8,12,2,8
sandbox_coverage/sandbox_int_to_enum,org.sandbox.jdt.internal.ui.fix,MultiFixMessages,0,4,0,0,0,2,0,1,0,1
sandbox_coverage/sandbox_int_to_enum,org.sandbox.jdt.internal.ui.fix,IntToEnumCleanUpCore,114,351,26,36,27,82,26,21,2,14
sandbox_coverage/sandbox_int_to_enum,org.sandbox.jdt.internal.ui.fix,IntToEnumCleanUp,8,17,0,0,1,5,1,3,1,3
sandbox_coverage/sandbox_int_to_enum,org.sandbox.jdt.internal.corext.fix.multifile,IntEnumScopeCandidateDetector,37,264,29,35,7,46,29,12,1,8
sandbox_coverage/sandbox_int_to_enum,org.sandbox.jdt.internal.corext.fix.multifile,IntEnumConstant,0,15,0,0,0,1,0,1,0,1
sandbox_coverage/sandbox_int_to_enum,org.sandbox.jdt.internal.corext.fix.multifile,IntEnumMultiFilePlanner.Comparison,0,12,0,0,0,1,0,1,0,1
sandbox_coverage/sandbox_int_to_enum,org.sandbox.jdt.internal.corext.fix.multifile,IntEnumMultiFilePlanner.new ASTVisitor() {...},0,26,1,3,0,4,1,3,0,2
sandbox_coverage/sandbox_int_to_enum,org.sandbox.jdt.internal.corext.fix.multifile,IntEnumMultiFilePlanner.new ASTVisitor() {...},20,198,7,29,9,36,7,14,0,3
sandbox_coverage/sandbox_int_to_enum,org.sandbox.jdt.internal.corext.fix.multifile,IntEnumMultiFileRewriteOperation.new ASTVisitor() {...},6,291,7,25,0,48,7,18,0,9
sandbox_coverage/sandbox_int_to_enum,org.sandbox.jdt.internal.corext.fix.multifile,IntEnumMultiFilePlanner.new ASTRequestor() {...},0,15,0,0,0,3,0,2,0,2
sandbox_coverage/sandbox_int_to_enum,org.sandbox.jdt.internal.corext.fix.multifile,IntEnumMultiFilePlanner.new ASTVisitor() {...},11,156,11,23,7,27,11,10,0,4
sandbox_coverage/sandbox_int_to_enum,org.sandbox.jdt.internal.corext.fix.multifile,IntEnumScopeCandidateDetector.1.new ASTVisitor() {...},2,101,5,11,1,15,5,5,0,2
sandbox_coverage/sandbox_int_to_enum,org.sandbox.jdt.internal.corext.fix.multifile,IntEnumMultiFileRewriteOperation.new ASTVisitor() {...},17,51,4,8,2,9,3,5,0,2
sandbox_coverage/sandbox_int_to_enum,org.sandbox.jdt.internal.corext.fix.multifile,IntEnumMultiFilePlanner.CandidateBuilder,0,78,1,1,0,19,1,5,0,5
sandbox_coverage/sandbox_int_to_enum,org.sandbox.jdt.internal.corext.fix.multifile,IntEnumMultiFileRewriteOperation,120,755,50,72,20,142,45,33,0,17
sandbox_coverage/sandbox_int_to_enum,org.sandbox.jdt.internal.corext.fix.multifile,IntEnumMultiFilePlanner.FreezeResult,0,15,0,0,0,4,0,1,0,1
sandbox_coverage/sandbox_int_to_enum,org.sandbox.jdt.internal.corext.fix.multifile,IntEnumMultiFilePlanner,145,1286,72,134,36,240,69,68,0,34
sandbox_coverage/sandbox_int_to_enum,org.sandbox.jdt.internal.corext.fix.multifile,IntEnumMultiFileRewriteOperation.StalePlanRuntimeException,0,6,0,0,0,3,0,1,0,1
sandbox_coverage/sandbox_int_to_enum,org.sandbox.jdt.internal.corext.fix.multifile,IntEnumMultiFileRewriteOperation.ResolvedOwner,0,18,0,0,0,1,0,1,0,1
sandbox_coverage/sandbox_int_to_enum,org.sandbox.jdt.internal.corext.fix.multifile,IntEnumMigrationMode,0,79,0,0,0,20,0,8,0,8
sandbox_coverage/sandbox_int_to_enum,org.sandbox.jdt.internal.corext.fix.multifile,IntEnumMultiFileRewriteOperation.ResolvedPlan,0,15,0,0,0,1,0,1,0,1
sandbox_coverage/sandbox_int_to_enum,org.sandbox.jdt.internal.corext.fix.multifile,IntEnumMigrationPlan,0,167,2,14,0,37,2,14,0,8
sandbox_coverage/sandbox_int_to_enum,org.sandbox.jdt.internal.corext.fix.multifile,IntEnumScopeCandidateDetector.new ASTRequestor() {...},0,25,0,0,0,3,0,2,0,2
sandbox_coverage/sandbox_int_to_enum,org.sandbox.jdt.internal.corext.fix.multifile,IntEnumScopeCandidateDetector.SearchSeeds,0,15,0,0,0,3,0,1,0,1
sandbox_coverage/sandbox_int_to_enum,org.sandbox.jdt.internal.corext.fix.multifile,IntEnumMultiFilePlanner.ConstantDecl,0,12,0,0,0,1,0,1,0,1
sandbox_coverage/sandbox_int_to_enum,org.sandbox.jdt.internal.corext.fix.multifile,IntEnumCandidate,0,69,0,0,0,8,0,4,0,4
sandbox_coverage/sandbox_int_to_enum,org.sandbox.jdt.internal.corext.fix.multifile,IntEnumPackageVisibilityPolicy,14,257,11,23,2,48,12,14,1,8
sandbox_coverage/sandbox_int_to_enum,org.sandbox.jdt.internal.corext.fix.multifile,IntEnumMultiFileRewriteOperation.Replacement,0,9,0,0,0,1,0,1,0,1
sandbox_coverage/sandbox_int_to_enum,org.sandbox.jdt.internal.corext.fix.helper,AbstractTool,13,3,0,0,3,1,3,1,3,1
sandbox_coverage/sandbox_int_to_enum,org.sandbox.jdt.internal.corext.fix.helper,IntToEnumHelper.ConstantInfo,0,12,0,0,0,5,0,1,0,1
sandbox_coverage/sandbox_int_to_enum,org.sandbox.jdt.internal.corext.fix.helper,IntToEnumHelper,374,1018,137,125,79,193,109,55,4,29
sandbox_coverage/sandbox_int_to_enum,org.sandbox.jdt.internal.corext.fix.helper,IntToEnumHelper.new ASTVisitor() {...},27,115,7,23,7,21,6,11,0,2
sandbox_coverage/sandbox_int_to_enum,org.sandbox.jdt.internal.corext.fix.helper,SwitchIntToEnumHelper,64,769,41,97,25,166,39,43,1,12
sandbox_coverage/sandbox_int_to_enum,org.sandbox.jdt.internal.corext.fix.helper,IntToEnumHelper.new ASTVisitor() {...},0,69,1,5,0,12,1,4,0,2
sandbox_coverage/sandbox_int_to_enum,org.sandbox.jdt.internal.corext.fix.helper,IntToEnumHelper.new ASTVisitor() {...},51,0,8,0,9,0,7,0,3,0
sandbox_coverage/sandbox_int_to_enum,org.sandbox.jdt.internal.corext.fix.helper,IntToEnumHelper.new ASTVisitor() {...},6,86,3,11,2,17,3,6,0,2
sandbox_coverage/sandbox_int_to_enum,org.sandbox.jdt.internal.corext.fix.helper,IntToEnumHelper.Candidate,0,18,0,0,0,4,0,1,0,1
sandbox_coverage/sandbox_int_to_enum,org.sandbox.jdt.internal.corext.fix.helper,IntToEnumHelper.Comparison,0,15,0,0,0,6,0,1,0,1
sandbox_coverage/sandbox_int_to_enum,org.sandbox.jdt.internal.corext.fix.helper,IntToEnumHelper.IntConstantHolder,0,18,0,0,0,4,0,1,0,1
sandbox_coverage/sandbox_use_general_type,org.sandbox.jdt.internal.ui.preferences.cleanup,CleanUpMessages,4,0,0,0,2,0,1,0,1,0
sandbox_coverage/sandbox_use_general_type,org.sandbox.jdt.internal.ui.preferences.cleanup,DefaultCleanUpOptionsInitializer,0,8,0,0,0,3,0,2,0,2
sandbox_coverage/sandbox_use_general_type,org.sandbox.jdt.internal.ui.preferences.cleanup,SaveActionCleanUpOptionsInitializer,8,0,0,0,3,0,2,0,2,0
sandbox_coverage/sandbox_use_general_type,org.sandbox.jdt.internal.ui.preferences.cleanup,SandboxCodeTabPage,51,0,0,0,13,0,4,0,4,0
sandbox_coverage/sandbox_use_general_type,org.sandbox.jdt.internal.corext.fix,UseGeneralTypeFixCore,5,40,0,0,1,8,1,4,1,4
sandbox_coverage/sandbox_use_general_type,org.sandbox.jdt.internal.corext.fix,UseGeneralTypeFixCore.new CompilationUnitRewriteOperationsFixCore.CompilationUnitRewriteOperationWithSourceRange() {...},5,61,4,4,2,12,4,2,0,2
sandbox_coverage/sandbox_use_general_type,org.sandbox.jdt.internal.ui.fix,MultiFixMessages,0,4,0,0,0,2,0,1,0,1
sandbox_coverage/sandbox_use_general_type,org.sandbox.jdt.internal.ui.fix,UseGeneralTypeCleanUp,0,11,0,0,0,4,0,2,0,2
sandbox_coverage/sandbox_use_general_type,org.sandbox.jdt.internal.ui.fix,UseGeneralTypeCleanUpCore,52,94,5,7,12,22,8,8,3,7
sandbox_coverage/sandbox_use_general_type,org.sandbox.jdt.internal.corext.fix.helper,UseGeneralTypePlugin,12,185,9,15,7,42,9,8,1,4
sandbox_coverage/sandbox_use_general_type,org.sandbox.jdt.internal.corext.fix.helper,UseGeneralTypePlugin.TypeWidenHolder,0,13,0,0,0,3,0,1,0,1
sandbox_coverage/sandbox_use_general_type,org.sandbox.jdt.internal.corext.fix.helper,UseGeneralTypePlugin.StatementInfo,0,9,0,0,0,4,0,1,0,1
sandbox_coverage/sandbox-ast-api,org.sandbox.ast.api.info,VariableInfo,2,92,1,13,0,17,1,15,0,9
sandbox_coverage/sandbox-ast-api,org.sandbox.ast.api.info,VariableInfo.Builder,0,56,0,0,0,16,0,8,0,8
sandbox_coverage/sandbox-ast-api,org.sandbox.ast.api.info,TypeInfo,85,326,27,52,10,57,28,30,1,14
sandbox_coverage/sandbox-ast-api,org.sandbox.ast.api.info,MethodInfo.Builder,5,56,0,0,2,15,1,7,1,7
sandbox_coverage/sandbox-ast-api,org.sandbox.ast.api.info,TypeInfo.Builder,4,83,0,2,1,20,1,10,1,9
sandbox_coverage/sandbox-ast-api,org.sandbox.ast.api.info,Modifier,0,164,0,8,0,29,0,10,0,6
sandbox_coverage/sandbox-ast-api,org.sandbox.ast.api.info,ParameterInfo,0,40,0,4,0,8,0,5,0,3
sandbox_coverage/sandbox-ast-api,org.sandbox.ast.api.info,MethodInfo,36,281,26,44,2,48,27,25,1,16
sandbox_coverage/sandbox-ast-api,org.sandbox.ast.api.stmt,ASTStmt,3,61,3,5,0,8,3,9,0,8
sandbox_coverage/sandbox-ast-api,org.sandbox.ast.api.stmt,ForLoopStmt.Builder,4,77,2,2,0,18,2,8,0,8
sandbox_coverage/sandbox-ast-api,org.sandbox.ast.api.stmt,EnhancedForStmt,0,85,0,6,0,15,0,13,0,10
sandbox_coverage/sandbox-ast-api,org.sandbox.ast.api.stmt,EnhancedForStmt.Builder,0,40,0,0,0,11,0,5,0,5
sandbox_coverage/sandbox-ast-api,org.sandbox.ast.api.stmt,IfStmt,0,79,0,6,0,14,0,12,0,9
sandbox_coverage/sandbox-ast-api,org.sandbox.ast.api.stmt,WhileLoopStmt,0,69,0,4,0,12,0,11,0,9
sandbox_coverage/sandbox-ast-api,org.sandbox.ast.api.stmt,IfStmt.Builder,0,40,0,0,0,11,0,5,0,5
sandbox_coverage/sandbox-ast-api,org.sandbox.ast.api.stmt,WhileLoopStmt.Builder,0,29,0,0,0,8,0,4,0,4
sandbox_coverage/sandbox-ast-api,org.sandbox.ast.api.stmt,ForLoopStmt,0,113,0,20,0,20,0,21,0,11
sandbox_coverage/sandbox-ast-api,org.sandbox.ast.api.visitor,FluentVisitor.Builder,127,266,25,17,32,68,32,34,14,31
sandbox_coverage/sandbox-ast-api,org.sandbox.ast.api.visitor,FluentVisitor,1,24,1,3,1,9,1,5,0,4
sandbox_coverage/sandbox-ast-api,org.sandbox.ast.api.visitor,FluentVisitor.ConditionalHandler,0,48,0,0,0,14,0,6,0,6
sandbox_coverage/sandbox-ast-api,org.sandbox.ast.api.expr,InfixExpr.Builder,12,53,2,0,2,14,2,7,1,7
sandbox_coverage/sandbox-ast-api,org.sandbox.ast.api.expr,ASTExpr,16,90,2,8,2,8,3,14,2,10
sandbox_coverage/sandbox-ast-api,org.sandbox.ast.api.expr,InfixOperator,0,248,0,4,0,34,0,9,0,7
sandbox_coverage/sandbox-ast-api,org.sandbox.ast.api.expr,MethodInvocationExpr,49,160,6,16,4,25,11,19,5,14
sandbox_coverage/sandbox-ast-api,org.sandbox.ast.api.expr,FieldAccessExpr,72,34,5,5,9,8,11,2,6,2
sandbox_coverage/sandbox-ast-api,org.sandbox.ast.api.expr,SimpleNameExpr.Builder,0,58,0,0,0,16,0,7,0,7
sandbox_coverage/sandbox-ast-api,org.sandbox.ast.api.expr,SimpleNameExpr,28,139,4,8,2,24,6,17,2,15
sandbox_coverage/sandbox-ast-api,org.sandbox.ast.api.expr,InfixExpr,5,137,6,16,0,24,6,14,0,9
sandbox_coverage/sandbox-ast-api,org.sandbox.ast.api.expr,CastExpr,77,20,9,3,13,5,13,1,7,1
sandbox_coverage/sandbox-ast-api,org.sandbox.ast.api.expr,FieldAccessExpr.Builder,12,31,0,0,4,8,2,4,2,4
sandbox_coverage/sandbox-ast-api,org.sandbox.ast.api.expr,CastExpr.Builder,32,0,0,0,9,0,5,0,5,0
sandbox_coverage/sandbox-ast-api,org.sandbox.ast.api.expr,MethodInvocationExpr.Builder,2,64,1,1,0,16,1,7,0,7
sandbox_coverage/sandbox-ast-api,org.sandbox.ast.api.examples,FluentVisitorExamples,378,0,2,0,98,0,31,0,30,0
sandbox_coverage/sandbox-ast-api,org.sandbox.ast.api.examples,FluentAPIExamples,125,0,8,0,29,0,11,0,7,0
sandbox_coverage/sandbox-ast-api-jdt,org.sandbox.ast.api.jdt,FluentASTVisitor,6,17,0,0,3,5,2,4,2,4
sandbox_coverage/sandbox-ast-api-jdt,org.sandbox.ast.api.jdt,JDTConverter,99,650,21,65,18,168,22,47,1,25
sandbox_coverage/sandbox-ast-api-jdt,org.sandbox.ast.api.jdt,JDTConverter.UnsupportedStmt,0,3,0,0,0,1,0,1,0,1
sandbox_coverage/sandbox-ast-api-jdt,org.sandbox.ast.api.jdt,JDTConverter.UnsupportedExpr,2,10,1,1,0,3,1,1,0,1
sandbox_coverage/sandbox_common_core,org.sandbox.jdt.container.api,ConcurrencyProtocol.ReentrancyContract,0,39,0,0,0,7,0,1,0,1
sandbox_coverage/sandbox_common_core,org.sandbox.jdt.container.api,ContainerSignatureMigrationPlan.SignatureMember,0,30,0,0,0,6,0,1,0,1
sandbox_coverage/sandbox_common_core,org.sandbox.jdt.container.api,UniqueSequenceLocalRewritePlan.PlanningDiagnostic,0,17,0,0,0,4,0,1,0,1
sandbox_coverage/sandbox_common_core,org.sandbox.jdt.container.api,ContainerUsageProfile.MutationLifecycle,0,33,0,0,0,6,0,1,0,1
sandbox_coverage/sandbox_common_core,org.sandbox.jdt.container.api,ContainerFlowSearchPlan,8,32,2,2,1,8,2,4,0,4
sandbox_coverage/sandbox_common_core,org.sandbox.jdt.container.api,UsageEvidence.Kind,0,111,0,0,0,19,0,1,0,1
sandbox_coverage/sandbox_common_core,org.sandbox.jdt.container.api,ConcurrencyProtocolAssessment.RecommendedMigration,4,45,0,2,1,9,1,2,1,1
sandbox_coverage/sandbox_common_core,org.sandbox.jdt.container.api,ContainerUsageProfile.ConcurrencyProfile,0,47,0,0,0,8,0,2,0,2
sandbox_coverage/sandbox_common_core,org.sandbox.jdt.container.api,ContainerFlowSearchPlan.SearchSeed,15,81,3,9,3,13,3,6,0,3
sandbox_coverage/sandbox_common_core,org.sandbox.jdt.container.api,ConcurrencyProtocolAssessment,5,62,4,12,1,11,4,10,0,6
sandbox_coverage/sandbox_common_core,org.sandbox.jdt.container.api,ContainerParameterRewritePlan.EditKind,0,21,0,0,0,4,0,1,0,1
sandbox_coverage/sandbox_common_core,org.sandbox.jdt.container.api,ContainerFlowContinuationPlan.Relationship,0,21,0,0,0,4,0,1,0,1
sandbox_coverage/sandbox_common_core,org.sandbox.jdt.container.api,ContainerLocalRewritePlan,26,176,9,17,5,41,9,9,0,5
sandbox_coverage/sandbox_common_core,org.sandbox.jdt.container.api,ContainerLocalRewritePlan.EditKind,0,45,0,0,0,8,0,1,0,1
sandbox_coverage/sandbox_common_core,org.sandbox.jdt.container.api,ContainerFlowGraph.NodeKind,0,39,0,0,0,7,0,1,0,1
sandbox_coverage/sandbox_common_core,org.sandbox.jdt.container.api,ContainerMigrationReadiness.ExecutionStatus,0,33,0,0,0,6,0,1,0,1
sandbox_coverage/sandbox_common_core,org.sandbox.jdt.container.api,ContainerSignatureMigrationPlan.SignatureDiagnostic,0,30,0,0,0,6,0,1,0,1
sandbox_coverage/sandbox_common_core,org.sandbox.jdt.container.api,ContainerUsageProfile.OrderRequirement,0,33,0,0,0,6,0,1,0,1
sandbox_coverage/sandbox_common_core,org.sandbox.jdt.container.api,ContainerFlowGraph.EdgeKind,0,27,0,0,0,5,0,1,0,1
sandbox_coverage/sandbox_common_core,org.sandbox.jdt.container.api,ResolvedContainerFlowSearchPlan.TargetKind,0,15,0,0,0,3,0,1,0,1
sandbox_coverage/sandbox_common_core,org.sandbox.jdt.container.api,ContainerFlowGraph.FlowNode,20,59,5,1,3,10,5,1,2,1
sandbox_coverage/sandbox_common_core,org.sandbox.jdt.container.api,ResolvedContainerFlowSearchPlan.ResolvedSearchTarget,5,92,1,9,1,15,1,6,0,2
sandbox_coverage/sandbox_common_core,org.sandbox.jdt.container.api,ClosedSourceParameterMigrationPlan,37,74,8,6,8,19,8,3,1,3
sandbox_coverage/sandbox_common_core,org.sandbox.jdt.container.api,ContainerBridgePolicyPlan,26,96,4,10,6,21,4,7,0,4
sandbox_coverage/sandbox_common_core,org.sandbox.jdt.container.api,ContainerUsageProfile.ContainerIdentity,20,49,5,7,3,9,5,4,0,3
sandbox_coverage/sandbox_common_core,org.sandbox.jdt.container.api,ContainerSignatureMigrationPlan,32,110,7,15,6,24,7,9,0,5
sandbox_coverage/sandbox_common_core,org.sandbox.jdt.container.api,ContainerFlowContinuationPlan.DiagnosticKind,0,51,0,0,0,9,0,1,0,1
sandbox_coverage/sandbox_common_core,org.sandbox.jdt.container.api,ContainerParameterRewritePlan.PlanningResult,10,49,2,4,2,9,2,5,0,4
sandbox_coverage/sandbox_common_core,org.sandbox.jdt.container.api,ContainerUsageProfile.AnalysisCompleteness,0,27,0,0,0,5,0,1,0,1
sandbox_coverage/sandbox_common_core,org.sandbox.jdt.container.api,UniqueSequenceLocalRewritePlan.DiagnosticKind,0,51,0,0,0,9,0,1,0,1
sandbox_coverage/sandbox_common_core,org.sandbox.jdt.container.api,ContainerFlowComponent.LocatedFlowEdge,0,40,0,0,0,7,0,1,0,1
sandbox_coverage/sandbox_common_core,org.sandbox.jdt.container.api,ContainerUsageProfile.ElementDomain,0,27,0,0,0,5,0,1,0,1
sandbox_coverage/sandbox_common_core,org.sandbox.jdt.container.api,ContainerFlowGraph.FlowEdge,0,33,0,0,0,6,0,1,0,1
sandbox_coverage/sandbox_common_core,org.sandbox.jdt.container.api,ContainerLocalRewritePlan.LocalEdit,0,19,0,0,0,4,0,1,0,1
sandbox_coverage/sandbox_common_core,org.sandbox.jdt.container.api,ContainerBridgePolicyPlan.PlanningStatus,0,21,0,0,0,4,0,1,0,1
sandbox_coverage/sandbox_common_core,org.sandbox.jdt.container.api,ConcurrencyProtocolAssessment.RetainExistingLocking,0,38,1,5,0,10,1,4,0,2
sandbox_coverage/sandbox_common_core,org.sandbox.jdt.container.api,ContainerLocalRewritePlan.PlanningDiagnostic,0,17,0,0,0,4,0,1,0,1
sandbox_coverage/sandbox_common_core,org.sandbox.jdt.container.api,ContainerRecommendation.Preservation,0,27,0,0,0,5,0,1,0,1
sandbox_coverage/sandbox_common_core,org.sandbox.jdt.container.api,ContainerRuleDescriptor.RuleOwnership,0,21,0,0,0,4,0,1,0,1
sandbox_coverage/sandbox_common_core,org.sandbox.jdt.container.api,ContainerParameterRewritePlan.ParameterEdit,5,20,2,2,1,4,2,1,0,1
sandbox_coverage/sandbox_common_core,org.sandbox.jdt.container.api,ContainerFlowContinuationPlan.ContinuationKind,0,33,0,0,0,6,0,1,0,1
sandbox_coverage/sandbox_common_core,org.sandbox.jdt.container.api,ContainerRecommendation.ContractProperty,0,45,0,0,0,8,0,1,0,1
sandbox_coverage/sandbox_common_core,org.sandbox.jdt.container.api,ContainerLocalRewritePlan.SourceRange,0,9,0,0,0,1,0,1,0,1
sandbox_coverage/sandbox_common_core,org.sandbox.jdt.container.api,ContainerRecommendation.Confidence,0,21,0,0,0,4,0,1,0,1
sandbox_coverage/sandbox_common_core,org.sandbox.jdt.container.api,TargetContainerContract,5,50,1,1,1,9,1,1,0,1
sandbox_coverage/sandbox_common_core,org.sandbox.jdt.container.api,ContainerMigrationReadiness.BlockerSeverity,0,27,0,0,0,5,0,1,0,1
sandbox_coverage/sandbox_common_core,org.sandbox.jdt.container.api,ContainerUsageProfile.ThreadExposure,0,33,0,0,0,6,0,1,0,1
sandbox_coverage/sandbox_common_core,org.sandbox.jdt.container.api,ContainerFlowComponent.LocatedFlowDiagnostic,0,33,0,0,0,6,0,1,0,1
sandbox_coverage/sandbox_common_core,org.sandbox.jdt.container.api,ContainerFlowGraph.DiagnosticKind,0,27,0,0,0,5,0,1,0,1
sandbox_coverage/sandbox_common_core,org.sandbox.jdt.container.api,ContainerMigrationReadiness.BlockerProperty,0,63,0,0,0,11,0,1,0,1
sandbox_coverage/sandbox_common_core,org.sandbox.jdt.container.api,ContainerUsageProfile.AtomicityRequirement,0,45,0,0,0,8,0,1,0,1
sandbox_coverage/sandbox_common_core,org.sandbox.jdt.container.api,ConcurrencyProtocol.Evidence,17,53,4,8,3,10,4,3,0,1
sandbox_coverage/sandbox_common_core,org.sandbox.jdt.container.api,ContainerFlowSearchPlan.SearchKind,0,27,0,0,0,5,0,1,0,1
sandbox_coverage/sandbox_common_core,org.sandbox.jdt.container.api,ContainerParameterRewritePlan.PlanningDiagnostic,0,17,0,0,0,4,0,1,0,1
sandbox_coverage/sandbox_common_core,org.sandbox.jdt.container.api,ContainerFlowComponent,30,136,7,11,5,25,7,10,0,8
sandbox_coverage/sandbox_common_core,org.sandbox.jdt.container.api,ContainerFlowGraph.ClosureStatus,0,27,0,0,0,5,0,1,0,1
sandbox_coverage/sandbox_common_core,org.sandbox.jdt.container.api,ContainerSignatureMigrationPlan.BridgeFeasibility,0,15,0,0,0,3,0,1,0,1
sandbox_coverage/sandbox_common_core,org.sandbox.jdt.container.api,ContainerShape,0,51,0,0,0,9,0,1,0,1
sandbox_coverage/sandbox_common_core,org.sandbox.jdt.container.api,TargetContainerContract.Mutability,0,27,0,0,0,5,0,1,0,1
sandbox_coverage/sandbox_common_core,org.sandbox.jdt.container.api,ConcurrencyProtocol.EvidenceKind,0,91,0,0,0,16,0,3,0,3
sandbox_coverage/sandbox_common_core,org.sandbox.jdt.container.api,UniqueSequenceLocalRewritePlan.PlanningResult,5,54,1,5,1,10,1,6,0,4
sandbox_coverage/sandbox_common_core,org.sandbox.jdt.container.api,ContainerSignatureMigrationPlan.DiagnosticKind,0,33,0,0,0,6,0,1,0,1
sandbox_coverage/sandbox_common_core,org.sandbox.jdt.container.api,ContainerBridgePolicyPlan.BridgePolicyGroup,5,73,1,9,1,13,1,7,0,3
sandbox_coverage/sandbox_common_core,org.sandbox.jdt.container.api,ContainerBridgePolicyPlan.BridgeProperty,0,45,0,0,0,8,0,1,0,1
sandbox_coverage/sandbox_common_core,org.sandbox.jdt.container.api,ContainerRecommendation.ContractAssessment,5,29,1,1,1,6,1,1,0,1
sandbox_coverage/sandbox_common_core,org.sandbox.jdt.container.api,ContainerMigrationReadiness,12,79,3,15,2,13,3,10,0,4
sandbox_coverage/sandbox_common_core,org.sandbox.jdt.container.api,ConcurrencyProtocolAssessment.Rejected,4,25,0,2,1,6,1,2,1,1
sandbox_coverage/sandbox_common_core,org.sandbox.jdt.container.api,ContainerLocalRewritePlan.ArgumentTransfer,5,24,1,1,1,5,1,1,0,1
sandbox_coverage/sandbox_common_core,org.sandbox.jdt.container.api,ContainerLocalRewritePlan.PlanningResult,10,49,2,4,2,9,2,5,0,4
sandbox_coverage/sandbox_common_core,org.sandbox.jdt.container.api,ContainerUsageProfile.AliasingContract,0,33,0,0,0,6,0,1,0,1
sandbox_coverage/sandbox_common_core,org.sandbox.jdt.container.api,ConcurrencyProtocolAssessment.Severity,0,21,0,0,0,4,0,1,0,1
sandbox_coverage/sandbox_common_core,org.sandbox.jdt.container.api,ConcurrencyProtocolAssessment.DiagnosticOnly,9,27,1,1,2,6,2,1,1,1
sandbox_coverage/sandbox_common_core,org.sandbox.jdt.container.api,ContainerFlowContinuationPlan.ContinuationDiagnostic,5,41,2,2,1,7,2,1,0,1
sandbox_coverage/sandbox_common_core,org.sandbox.jdt.container.api,ContainerBridgePolicyPlan.BridgePolicyDiagnostic,0,24,0,0,0,5,0,1,0,1
sandbox_coverage/sandbox_common_core,org.sandbox.jdt.container.api,ClosedSourceParameterMigrationPlan.PlanningDiagnostic,17,0,0,0,4,0,1,0,1,0
sandbox_coverage/sandbox_common_core,org.sandbox.jdt.container.api,ConcurrencyProtocolAssessment.Strategy,0,45,0,0,0,8,0,1,0,1
sandbox_coverage/sandbox_common_core,org.sandbox.jdt.container.api,ContainerUsageProfile.NullContract,0,27,0,0,0,5,0,1,0,1
sandbox_coverage/sandbox_common_core,org.sandbox.jdt.container.api,ContainerSignatureMigrationPlan.PlanningStatus,0,27,0,0,0,5,0,1,0,1
sandbox_coverage/sandbox_common_core,org.sandbox.jdt.container.api,UsageEvidence,15,32,3,3,3,7,3,1,0,1
sandbox_coverage/sandbox_common_core,org.sandbox.jdt.container.api,ContainerMigrationReadiness.ExecutionBlocker,0,31,0,0,0,6,0,1,0,1
sandbox_coverage/sandbox_common_core,org.sandbox.jdt.container.api,ContainerRuleDescriptor,13,71,3,7,2,14,3,5,0,3
sandbox_coverage/sandbox_common_core,org.sandbox.jdt.container.api,UniqueSequenceLocalRewritePlan.EditKind,0,27,0,0,0,5,0,1,0,1
sandbox_coverage/sandbox_common_core,org.sandbox.jdt.container.api,ConcurrencyProtocol,9,109,5,11,1,18,5,10,1,6
sandbox_coverage/sandbox_common_core,org.sandbox.jdt.container.api,UniqueSequenceLocalRewritePlan.LocalEdit,5,20,2,2,1,4,2,1,0,1
sandbox_coverage/sandbox_common_core,org.sandbox.jdt.container.api,ContainerLocalRewritePlan.DiagnosticKind,0,63,0,0,0,11,0,1,0,1
sandbox_coverage/sandbox_common_core,org.sandbox.jdt.container.api,ContainerUsageProfile.EscapeLevel,0,39,0,0,0,7,0,1,0,1
sandbox_coverage/sandbox_common_core,org.sandbox.jdt.container.api,ContainerFlowGraph,32,141,8,12,5,26,8,11,0,9
sandbox_coverage/sandbox_common_core,org.sandbox.jdt.container.api,ContainerBridgePolicyPlan.RequirementStatus,0,21,0,0,0,4,0,1,0,1
sandbox_coverage/sandbox_common_core,org.sandbox.jdt.container.api,ClosedSourceParameterMigrationPlan.DiagnosticKind,45,0,0,0,8,0,1,0,1,0
sandbox_coverage/sandbox_common_core,org.sandbox.jdt.container.api,ContainerParameterRewritePlan,21,92,4,6,4,20,4,4,0,3
sandbox_coverage/sandbox_common_core,org.sandbox.jdt.container.api,ContainerUsageProfile.AccessProfile,2,46,3,3,0,3,3,3,0,3
sandbox_coverage/sandbox_common_core,org.sandbox.jdt.container.api,ContainerUsageProfile.IterationSemantics,0,39,0,0,0,7,0,1,0,1
sandbox_coverage/sandbox_common_core,org.sandbox.jdt.container.api,ContainerFlowGraph.FlowDiagnostic,0,26,0,0,0,5,0,1,0,1
sandbox_coverage/sandbox_common_core,org.sandbox.jdt.container.api,ContainerFlowContinuationPlan.ContinuationRoot,5,88,1,9,1,15,1,6,0,2
sandbox_coverage/sandbox_common_core,org.sandbox.jdt.container.api,ContainerUsageProfile,2,102,1,1,0,16,1,2,0,2
sandbox_coverage/sandbox_common_core,org.sandbox.jdt.container.api,ContainerParameterRewritePlan.DiagnosticKind,0,57,0,0,0,10,0,1,0,1
sandbox_coverage/sandbox_common_core,org.sandbox.jdt.container.api,ResolvedContainerFlowSearchPlan,8,64,2,6,1,15,2,7,0,5
sandbox_coverage/sandbox_common_core,org.sandbox.jdt.container.api,UniqueSequenceLocalRewritePlan,16,95,5,7,3,21,5,4,0,3
sandbox_coverage/sandbox_common_core,org.sandbox.jdt.container.api,ContainerRecommendation,7,56,2,2,1,10,2,2,0,2
sandbox_coverage/sandbox_common_core,org.sandbox.jdt.container.api,ContainerUsageProfile.WorkloadShape,0,45,0,0,0,8,0,1,0,1
sandbox_coverage/sandbox_common_core,org.sandbox.jdt.container.api,ContainerBridgePolicyPlan.DiagnosticKind,0,27,0,0,0,5,0,1,0,1
sandbox_coverage/sandbox_common_core,org.sandbox.jdt.container.api,ContainerFlowContinuationPlan,6,66,1,5,1,16,1,6,0,4
sandbox_coverage/sandbox_common_core,org.sandbox.jdt.container.api,ClosedSourceParameterMigrationPlan.PlanningResult,21,38,4,2,4,7,4,3,1,3
sandbox_coverage/sandbox_common_core,org.sandbox.jdt.container.api,ContainerBridgePolicyPlan.BridgeDecision,0,15,0,0,0,3,0,1,0,1
sandbox_coverage/sandbox_common_core,org.sandbox.jdt.container.api,ContainerSignatureMigrationPlan.PositionKind,0,15,0,0,0,3,0,1,0,1
sandbox_coverage/sandbox_common_core,org.sandbox.jdt.container.api,ContainerSignatureMigrationPlan.SignatureAtomicityGroup,15,59,3,7,3,11,3,3,0,1
sandbox_coverage/sandbox_common_core,org.sandbox.jdt.container.api,ContainerRecommendation.AutomationLevel,0,21,0,0,0,4,0,1,0,1
sandbox_coverage/sandbox_common_core,org.sandbox.jdt.container.api,ContainerUsageProfile.SynchronizationKind,0,51,0,0,0,9,0,1,0,1
sandbox_coverage/sandbox_common_core,org.sandbox.jdt.container.api,ContainerBridgePolicyPlan.SemanticRequirement,0,31,0,0,0,6,0,1,0,1
sandbox_coverage/sandbox_common_core,org.sandbox.jdt.container.api,ContainerUsageProfile.UniquenessRequirement,0,21,0,0,0,4,0,1,0,1
sandbox_coverage/sandbox_common_core,org.sandbox.jdt.triggerpattern.api,Match,87,131,19,9,14,29,15,13,4,10
sandbox_coverage/sandbox_common_core,org.sandbox.jdt.triggerpattern.api,PatternIndex.IndexEntry,0,12,0,0,0,1,0,1,0,1
sandbox_coverage/sandbox_common_core,org.sandbox.jdt.triggerpattern.api,SemanticRewritePlan.Builder,9,150,5,7,2,27,6,13,1,12
sandbox_coverage/sandbox_common_core,org.sandbox.jdt.triggerpattern.api,PreviewGenerator.Preview,9,50,2,4,1,9,2,4,0,3
sandbox_coverage/sandbox_common_core,org.sandbox.jdt.triggerpattern.api,SemanticRewritePlanContext,4,36,0,0,1,7,1,5,1,5
sandbox_coverage/sandbox_common_core,org.sandbox.jdt.triggerpattern.api,StructuredRewriteAction,33,88,8,12,5,20,8,6,0,4
sandbox_coverage/sandbox_common_core,org.sandbox.jdt.triggerpattern.api,RewriteActionValue.ClassLiteral,0,9,0,0,0,3,0,1,0,1
sandbox_coverage/sandbox_common_core,org.sandbox.jdt.triggerpattern.api,ExecutionTreeSnapshot,6,64,4,8,1,15,4,8,0,6
sandbox_coverage/sandbox_common_core,org.sandbox.jdt.triggerpattern.api,GuardExpression.And,1,30,2,2,0,5,2,2,0,2
sandbox_coverage/sandbox_common_core,org.sandbox.jdt.triggerpattern.api,FixUtilities.new ASTVisitor() {...},0,33,1,3,0,7,1,3,0,2
sandbox_coverage/sandbox_common_core,org.sandbox.jdt.triggerpattern.api,SemanticRewritePlan,167,508,46,54,33,88,46,53,10,39
sandbox_coverage/sandbox_common_core,org.sandbox.jdt.triggerpattern.api,RewriteAlternative,12,83,6,10,1,13,5,13,1,9
sandbox_coverage/sandbox_common_core,org.sandbox.jdt.triggerpattern.api,EmbeddedJavaBlock,1,44,1,1,0,13,1,7,0,7
sandbox_coverage/sandbox_common_core,org.sandbox.jdt.triggerpattern.api,RewriteActionValue.PlanValue,0,18,1,1,0,5,1,1,0,1
sandbox_coverage/sandbox_common_core,org.sandbox.jdt.triggerpattern.api,HintPredicateDefinition,48,122,11,15,7,20,11,5,0,3
sandbox_coverage/sandbox_common_core,org.sandbox.jdt.triggerpattern.api,TriggerPatternEngine.new ASTVisitor() {...},0,189,0,40,0,22,0,22,0,2
sandbox_coverage/sandbox_common_core,org.sandbox.jdt.triggerpattern.api,TriggerPatternEngine.new ASTVisitor() {...},0,37,1,7,0,8,1,5,0,2
sandbox_coverage/sandbox_common_core,org.sandbox.jdt.triggerpattern.api,TriggerPatternEngine.new ASTVisitor() {...},0,43,0,4,0,7,0,4,0,2
sandbox_coverage/sandbox_common_core,org.sandbox.jdt.triggerpattern.api,HintPlanRequirement,2,157,2,24,1,38,2,14,0,3
sandbox_coverage/sandbox_common_core,org.sandbox.jdt.triggerpattern.api,TransformationReporter,58,300,19,21,18,69,19,9,0,6
sandbox_coverage/sandbox_common_core,org.sandbox.jdt.triggerpattern.api,BatchTransformationProcessor.TransformationResult,27,92,4,14,5,13,6,13,2,8
sandbox_coverage/sandbox_common_core,org.sandbox.jdt.triggerpattern.api,GuardFunctionResolverHolder,0,5,0,0,0,3,0,2,0,2
sandbox_coverage/sandbox_common_core,org.sandbox.jdt.triggerpattern.api,RewriteActionValue.Literal,0,9,0,0,0,3,0,1,0,1
sandbox_coverage/sandbox_common_core,org.sandbox.jdt.triggerpattern.api,PatternKind,0,75,0,0,0,13,0,1,0,1
sandbox_coverage/sandbox_common_core,org.sandbox.jdt.triggerpattern.api,GuardContext.UnknownSemanticRequirement,4,25,4,4,0,4,4,1,0,1
sandbox_coverage/sandbox_common_core,org.sandbox.jdt.triggerpattern.api,ExecutionTreeSnapshot.NodeKind,0,21,0,0,0,4,0,1,0,1
sandbox_coverage/sandbox_common_core,org.sandbox.jdt.triggerpattern.api,GuardExpression.TruthValue,0,21,0,0,0,4,0,1,0,1
sandbox_coverage/sandbox_common_core,org.sandbox.jdt.triggerpattern.api,ExecutionTreeComparator.Comparison,2,25,1,1,0,5,1,1,0,1
sandbox_coverage/sandbox_common_core,org.sandbox.jdt.triggerpattern.api,ImportDirective,87,557,32,72,19,128,28,45,1,20
sandbox_coverage/sandbox_common_core,org.sandbox.jdt.triggerpattern.api,DryRunReporter.ReportEntry,0,37,0,2,0,2,0,3,0,2
sandbox_coverage/sandbox_common_core,org.sandbox.jdt.triggerpattern.api,RewriteActionCatalog,11,163,2,2,1,30,2,10,1,9
sandbox_coverage/sandbox_common_core,org.sandbox.jdt.triggerpattern.api,PreviewGenerator,2,323,4,12,1,70,4,10,0,6
sandbox_coverage/sandbox_common_core,org.sandbox.jdt.triggerpattern.api,SemanticPlanValue.IntegerValue,0,8,0,0,0,2,0,2,0,2
sandbox_coverage/sandbox_common_core,org.sandbox.jdt.triggerpattern.api,RewriteActionValue.ListValue,2,14,1,1,0,4,1,1,0,1
sandbox_coverage/sandbox_common_core,org.sandbox.jdt.triggerpattern.api,SemanticRewritePlanContext.Scope,0,17,1,1,0,7,1,2,0,2
sandbox_coverage/sandbox_common_core,org.sandbox.jdt.triggerpattern.api,GuardExpression,21,178,10,25,6,35,11,16,2,5
sandbox_coverage/sandbox_common_core,org.sandbox.jdt.triggerpattern.api,TransformationRule,1,109,3,11,0,28,3,16,0,12
sandbox_coverage/sandbox_common_core,org.sandbox.jdt.triggerpattern.api,GuardExpression.Evaluation,0,9,0,0,0,1,0,1,0,1
sandbox_coverage/sandbox_common_core,org.sandbox.jdt.triggerpattern.api,RewriteActionValue.Binding,0,9,0,0,0,3,0,1,0,1
sandbox_coverage/sandbox_common_core,org.sandbox.jdt.triggerpattern.api,RewriteActionValue,28,50,6,4,4,11,7,8,2,8
sandbox_coverage/sandbox_common_core,org.sandbox.jdt.triggerpattern.api,SemanticPlanValue.Kind,0,33,0,0,0,6,0,1,0,1
sandbox_coverage/sandbox_common_core,org.sandbox.jdt.triggerpattern.api,BatchTransformationProcessor.AlternativeSelection,0,9,0,0,0,1,0,1,0,1
sandbox_coverage/sandbox_common_core,org.sandbox.jdt.triggerpattern.api,PatternIndex,132,301,18,42,23,70,11,32,1,12
sandbox_coverage/sandbox_common_core,org.sandbox.jdt.triggerpattern.api,HintPlanRequirement.VisibleLine,0,9,0,0,0,1,0,1,0,1
sandbox_coverage/sandbox_common_core,org.sandbox.jdt.triggerpattern.api,SemanticRewritePlan.NodeKey,86,225,18,36,12,44,18,18,0,9
sandbox_coverage/sandbox_common_core,org.sandbox.jdt.triggerpattern.api,HintBindingPolicy.VisibleLine,0,9,0,0,0,1,0,1,0,1
sandbox_coverage/sandbox_common_core,org.sandbox.jdt.triggerpattern.api,RewriteActionSchema,36,106,8,10,4,21,8,3,0,2
sandbox_coverage/sandbox_common_core,org.sandbox.jdt.triggerpattern.api,SemanticRewritePlanContext.State,2,19,1,1,0,4,1,1,0,1
sandbox_coverage/sandbox_common_core,org.sandbox.jdt.triggerpattern.api,GuardExpression.FunctionCall,8,36,2,2,1,8,2,2,0,2
sandbox_coverage/sandbox_common_core,org.sandbox.jdt.triggerpattern.api,SemanticRewritePlan.NodeKind,0,27,0,0,0,5,0,1,0,1
sandbox_coverage/sandbox_common_core,org.sandbox.jdt.triggerpattern.api,SemanticPlanValue,4,74,3,11,0,13,3,10,0,6
sandbox_coverage/sandbox_common_core,org.sandbox.jdt.triggerpattern.api,Severity,0,27,0,0,0,5,0,1,0,1
sandbox_coverage/sandbox_common_core,org.sandbox.jdt.triggerpattern.api,GuardContext,5,119,4,4,0,27,4,16,0,16
sandbox_coverage/sandbox_common_core,org.sandbox.jdt.triggerpattern.api,Match.Binding.SingleNode,0,6,0,0,0,1,0,1,0,1
sandbox_coverage/sandbox_common_core,org.sandbox.jdt.triggerpattern.api,TriggerPatternEngine,406,396,103,47,98,95,70,25,8,12
sandbox_coverage/sandbox_common_core,org.sandbox.jdt.triggerpattern.api,GuardExpression.Not,1,18,1,1,0,4,1,2,0,2
sandbox_coverage/sandbox_common_core,org.sandbox.jdt.triggerpattern.api,PatternIndex.new ASTVisitor() {...},0,16,0,0,0,3,0,2,0,2
sandbox_coverage/sandbox_common_core,org.sandbox.jdt.triggerpattern.api,RuleUsageTracker.Suggestion,0,21,0,0,0,4,0,1,0,1
sandbox_coverage/sandbox_common_core,org.sandbox.jdt.triggerpattern.api,FixUtilities,18,158,11,25,7,44,12,11,1,4
sandbox_coverage/sandbox_common_core,org.sandbox.jdt.triggerpattern.api,RewriteActionValue.Name,0,9,0,0,0,3,0,1,0,1
sandbox_coverage/sandbox_common_core,org.sandbox.jdt.triggerpattern.api,GuardExpression.Or,1,30,2,2,0,5,2,2,0,2
sandbox_coverage/sandbox_common_core,org.sandbox.jdt.triggerpattern.api,ExecutionTreeComparator.Policy,17,119,0,0,1,8,1,8,1,8
sandbox_coverage/sandbox_common_core,org.sandbox.jdt.triggerpattern.api,HintFile,9,193,6,12,0,59,6,31,0,28
sandbox_coverage/sandbox_common_core,org.sandbox.jdt.triggerpattern.api,HintKind,0,15,0,0,0,3,0,1,0,1
sandbox_coverage/sandbox_common_core,org.sandbox.jdt.triggerpattern.api,Match.Binding.NodeList,0,6,0,0,0,1,0,1,0,1
sandbox_coverage/sandbox_common_core,org.sandbox.jdt.triggerpattern.api,RewriteActionValue.MatchedNode,0,8,0,0,0,2,0,2,0,2
sandbox_coverage/sandbox_common_core,org.sandbox.jdt.triggerpattern.api,SemanticPlanValue.NodeValue,0,11,0,0,0,4,0,2,0,2
sandbox_coverage/sandbox_common_core,org.sandbox.jdt.triggerpattern.api,SemanticPlanRelation,13,76,4,6,3,14,5,6,1,5
sandbox_coverage/sandbox_common_core,org.sandbox.jdt.triggerpattern.api,Pattern,107,72,21,3,12,20,14,10,2,10
sandbox_coverage/sandbox_common_core,org.sandbox.jdt.triggerpattern.api,ExecutionTreeComparator,19,337,9,41,5,70,9,25,0,9
sandbox_coverage/sandbox_common_core,org.sandbox.jdt.triggerpattern.api,BatchTransformationProcessor,119,392,23,45,28,85,16,32,1,13
sandbox_coverage/sandbox_common_core,org.sandbox.jdt.triggerpattern.api,RuleUsageTracker,0,177,0,20,0,42,0,24,0,14
sandbox_coverage/sandbox_common_core,org.sandbox.jdt.triggerpattern.api,SemanticPlanValue.ListValue,15,44,3,7,1,12,3,5,1,2
sandbox_coverage/sandbox_common_core,org.sandbox.jdt.triggerpattern.api,SemanticPlanValue.BooleanValue,0,8,0,0,0,2,0,2,0,2
sandbox_coverage/sandbox_common_core,org.sandbox.jdt.triggerpattern.api,RewriteActionCatalog.Builder,11,38,3,1,1,10,2,4,0,4
sandbox_coverage/sandbox_common_core,org.sandbox.jdt.triggerpattern.api,HintBindingPolicy,14,178,4,22,3,45,4,12,0,3
sandbox_coverage/sandbox_common_core,org.sandbox.jdt.triggerpattern.api,SemanticPlanValue.StringValue,0,11,0,0,0,4,0,2,0,2
sandbox_coverage/sandbox_common_core,org.sandbox.jdt.triggerpattern.api,DryRunReporter,180,460,34,38,44,94,28,21,2,9
sandbox_coverage/sandbox_common_core,org.sandbox.jdt.triggerpattern.api,ExecutionTreeSnapshot.Node,14,74,2,6,1,12,3,5,1,3
sandbox_coverage/sandbox_common_core,org.sandbox.jdt.triggerpattern.nullability,ReportFilter,0,109,0,20,0,31,0,16,0,6
sandbox_coverage/sandbox_common_core,org.sandbox.jdt.triggerpattern.nullability,NullStatus,0,27,0,0,0,5,0,1,0,1
sandbox_coverage/sandbox_common_core,org.sandbox.jdt.triggerpattern.nullability,ConfidenceScorer,10,167,2,18,1,27,2,15,0,6
sandbox_coverage/sandbox_common_core,org.sandbox.jdt.triggerpattern.nullability,MatchScore,1,54,1,5,0,10,1,4,0,2
sandbox_coverage/sandbox_common_core,org.sandbox.jdt.triggerpattern.nullability,ScoredMarkdownReporter,62,404,20,22,17,70,13,17,1,8
sandbox_coverage/sandbox_common_core,org.sandbox.jdt.triggerpattern.nullability,MatchSeverity,0,33,0,0,0,6,0,1,0,1
sandbox_coverage/sandbox_common_core,org.sandbox.jdt.triggerpattern.nullability,NullabilityGuard.NullCheckLocation,12,0,0,0,1,0,1,0,1,0
sandbox_coverage/sandbox_common_core,org.sandbox.jdt.triggerpattern.nullability,NullabilityGuard.VariableInitializerFinder,50,6,10,0,11,3,7,1,2,1
sandbox_coverage/sandbox_common_core,org.sandbox.jdt.triggerpattern.nullability,NullabilityResult,0,20,0,0,0,3,0,2,0,2
sandbox_coverage/sandbox_common_core,org.sandbox.jdt.triggerpattern.nullability,ScoredMatchEntry,0,24,0,0,0,1,0,1,0,1
sandbox_coverage/sandbox_common_core,org.sandbox.jdt.triggerpattern.nullability,NullabilityGuard,654,367,153,41,161,98,100,20,9,14
sandbox_coverage/sandbox_common_core,org.sandbox.jdt.triggerpattern.nullability,NullabilityGuard.NullCheckFinder,251,25,48,2,48,7,28,2,3,2
sandbox_coverage/sandbox_common_core,org.sandbox.jdt.triggerpattern.nullability,ScoredJsonReporter,48,248,9,15,14,41,9,8,0,3
sandbox_coverage/sandbox_common_core,org.sandbox.jdt.triggerpattern.llm,LlmClient,1,0,0,0,1,0,1,0,1,0
sandbox_coverage/sandbox_common_core,org.sandbox.jdt.triggerpattern.llm,PromptBuilder,15,435,6,18,3,96,5,22,0,15
sandbox_coverage/sandbox_common_core,org.sandbox.jdt.triggerpattern.llm,LlamaClient,27,18,4,2,7,6,6,3,3,3
sandbox_coverage/sandbox_common_core,org.sandbox.jdt.triggerpattern.llm,CommitEvaluation,2,124,2,2,0,4,2,3,0,3
sandbox_coverage/sandbox_common_core,org.sandbox.jdt.triggerpattern.llm,LlmClientFactory,189,0,34,0,34,0,28,0,7,0
sandbox_coverage/sandbox_common_core,org.sandbox.jdt.triggerpattern.llm,PromptBuilder.CommitData,0,12,0,0,0,1,0,1,0,1
sandbox_coverage/sandbox_common_core,org.sandbox.jdt.triggerpattern.llm,DslContextCollector.new SimpleFileVisitor() {...},25,0,4,0,6,0,5,0,3,0
sandbox_coverage/sandbox_common_core,org.sandbox.jdt.triggerpattern.llm,QwenClient,27,18,4,2,7,6,6,3,3,3
sandbox_coverage/sandbox_common_core,org.sandbox.jdt.triggerpattern.llm,AiRuleInferenceEngine,0,257,1,25,0,54,1,18,0,6
sandbox_coverage/sandbox_common_core,org.sandbox.jdt.triggerpattern.llm,DeepSeekClient,27,18,4,2,7,6,6,3,3,3
sandbox_coverage/sandbox_common_core,org.sandbox.jdt.triggerpattern.llm,CommitEvaluation.TrafficLight,0,27,0,0,0,5,0,1,0,1
sandbox_coverage/sandbox_common_core,org.sandbox.jdt.triggerpattern.llm,DslContextCollector,75,0,6,0,18,0,6,0,3,0
sandbox_coverage/sandbox_common_core,org.sandbox.jdt.triggerpattern.llm,OpenAiClient,29,18,4,2,8,6,7,3,4,3
sandbox_coverage/sandbox_common_core,org.sandbox.jdt.triggerpattern.llm,OpenAiCompatibleClient,265,509,38,40,75,133,30,33,2,22
sandbox_coverage/sandbox_common_core,org.sandbox.jdt.triggerpattern.llm,LlmInferenceSettings,19,37,7,7,3,5,8,1,1,1
sandbox_coverage/sandbox_common_core,org.sandbox.jdt.triggerpattern.llm,LlmProvider,0,76,0,6,0,13,0,5,0,2
sandbox_coverage/sandbox_common_core,org.sandbox.jdt.triggerpattern.llm,GeminiClient,407,762,67,87,111,194,53,53,4,25
sandbox_coverage/sandbox_common_core,org.sandbox.jdt.triggerpattern.llm,MistralClient,27,18,4,2,7,6,6,3,3,3
sandbox_coverage/sandbox_common_core,org.sandbox.jdt.triggerpattern.internal,HintDeclarationDiffPreprocessor.ParameterShape,0,12,0,0,0,1,0,1,0,1
sandbox_coverage/sandbox_common_core,org.sandbox.jdt.triggerpattern.internal,HintFileStore,158,1040,33,77,37,201,30,55,0,30
sandbox_coverage/sandbox_common_core,org.sandbox.jdt.triggerpattern.internal,HintLanguageVocabulary,2,424,2,10,1,57,2,18,0,14
sandbox_coverage/sandbox_common_core,org.sandbox.jdt.triggerpattern.internal,DslValidator.ValidationResult,0,9,0,0,0,1,0,1,0,1
sandbox_coverage/sandbox_common_core,org.sandbox.jdt.triggerpattern.internal,PatternParser,53,703,36,74,25,177,36,30,0,11
sandbox_coverage/sandbox_common_core,org.sandbox.jdt.triggerpattern.internal,HintPredicatePreprocessor.Result,0,12,0,0,0,3,0,1,0,1
sandbox_coverage/sandbox_common_core,org.sandbox.jdt.triggerpattern.internal,GuardExpressionParser.ParseState,0,9,0,0,0,4,0,1,0,1
sandbox_coverage/sandbox_common_core,org.sandbox.jdt.triggerpattern.internal,BuiltInGuardRegistration,249,743,89,103,62,134,75,44,2,21
sandbox_coverage/sandbox_common_core,org.sandbox.jdt.triggerpattern.internal,StructuredRewriteActionParser,128,618,38,75,30,133,36,43,0,19
sandbox_coverage/sandbox_common_core,org.sandbox.jdt.triggerpattern.internal,GuardExpressionParser,118,745,31,87,22,126,29,45,0,15
sandbox_coverage/sandbox_common_core,org.sandbox.jdt.triggerpattern.internal,EmbeddedJavaCompiler,11,458,11,45,4,97,10,32,0,14
sandbox_coverage/sandbox_common_core,org.sandbox.jdt.triggerpattern.internal,HintPredicatePreprocessor,70,668,33,95,18,140,30,51,0,16
sandbox_coverage/sandbox_common_core,org.sandbox.jdt.triggerpattern.internal,BuiltInGuards.new ASTVisitor() {...},0,29,0,4,0,4,0,4,0,2
sandbox_coverage/sandbox_common_core,org.sandbox.jdt.triggerpattern.internal,HintTypeDeclarationSourcePreprocessor,14,209,14,40,2,44,13,16,0,2
sandbox_coverage/sandbox_common_core,org.sandbox.jdt.triggerpattern.internal,HintProgramParser,27,391,2,26,7,89,3,25,1,13
sandbox_coverage/sandbox_common_core,org.sandbox.jdt.triggerpattern.internal,BuiltInGuardRegistration.HierarchyMatch,0,21,0,0,0,4,0,1,0,1
sandbox_coverage/sandbox_common_core,org.sandbox.jdt.triggerpattern.internal,HintLanguageVocabulary.Directive,0,12,0,0,0,1,0,1,0,1
sandbox_coverage/sandbox_common_core,org.sandbox.jdt.triggerpattern.internal,BuiltInGuards,1341,2117,394,284,375,514,291,138,18,62
sandbox_coverage/sandbox_common_core,org.sandbox.jdt.triggerpattern.internal,HintFileParser.HintParseException,0,19,0,0,0,6,0,3,0,3
sandbox_coverage/sandbox_common_core,org.sandbox.jdt.triggerpattern.internal,HintProgramParser.ParsedProgram,14,47,0,0,4,9,1,3,1,3
sandbox_coverage/sandbox_common_core,org.sandbox.jdt.triggerpattern.internal,HintFileSerializer,69,512,14,58,16,102,12,36,0,11
sandbox_coverage/sandbox_common_core,org.sandbox.jdt.triggerpattern.internal,HintStructuredActionPreprocessor,76,242,22,34,15,59,17,13,0,2
sandbox_coverage/sandbox_common_core,org.sandbox.jdt.triggerpattern.internal,TypeDeclarationPatternParser,17,80,8,10,5,16,7,4,0,2
sandbox_coverage/sandbox_common_core,org.sandbox.jdt.triggerpattern.internal,EmbeddedJavaCompiler.SourceLineMapping,0,9,0,0,0,1,0,1,0,1
sandbox_coverage/sandbox_common_core,org.sandbox.jdt.triggerpattern.internal,DslValidator,75,44,6,4,21,10,4,4,1,2
sandbox_coverage/sandbox_common_core,org.sandbox.jdt.triggerpattern.internal,HintRuleKindPreprocessor,86,179,22,34,15,49,16,13,0,1
sandbox_coverage/sandbox_common_core,org.sandbox.jdt.triggerpattern.internal,HintDeclarationDiffPreprocessor.ActionAndGuard,0,9,0,0,0,1,0,1,0,1
sandbox_coverage/sandbox_common_core,org.sandbox.jdt.triggerpattern.internal,PlaceholderInfo,36,21,7,3,8,4,6,1,1,1
sandbox_coverage/sandbox_common_core,org.sandbox.jdt.triggerpattern.internal,HintStructuredActionPreprocessor.ActionAndGuard,0,9,0,0,0,1,0,1,0,1
sandbox_coverage/sandbox_common_core,org.sandbox.jdt.triggerpattern.internal,EmbeddedJavaExecutionLogger,51,123,2,4,4,22,2,11,0,10
sandbox_coverage/sandbox_common_core,org.sandbox.jdt.triggerpattern.internal,EmbeddedJavaExecutionLogger.ExecutionTrace,0,28,0,2,0,2,0,3,0,2
sandbox_coverage/sandbox_common_core,org.sandbox.jdt.triggerpattern.internal,HintStructuredActionPreprocessor.Result,0,12,0,0,0,3,0,1,0,1
sandbox_coverage/sandbox_common_core,org.sandbox.jdt.triggerpattern.internal,HintFileStore.HintFileValidationProblem,9,0,0,0,1,0,1,0,1,0
sandbox_coverage/sandbox_common_core,org.sandbox.jdt.triggerpattern.internal,FqnAwarePlaceholderAstMatcher,409,586,120,104,79,122,91,47,7,19
sandbox_coverage/sandbox_common_core,org.sandbox.jdt.triggerpattern.internal,HintLanguageVocabulary.Action,0,15,0,0,0,1,0,1,0,1
sandbox_coverage/sandbox_common_core,org.sandbox.jdt.triggerpattern.internal,HintFileParser.GuardSplit,0,16,0,2,0,2,0,3,0,2
sandbox_coverage/sandbox_common_core,org.sandbox.jdt.triggerpattern.internal,PlaceholderAstMatcher,318,1277,103,189,82,299,84,95,1,29
sandbox_coverage/sandbox_common_core,org.sandbox.jdt.triggerpattern.internal,HintFileParser,129,2181,51,312,27,502,47,163,0,24
sandbox_coverage/sandbox_common_core,org.sandbox.jdt.triggerpattern.internal,EmbeddedJavaCompiler.CompilationResult,11,75,0,8,3,12,1,8,1,4
sandbox_coverage/sandbox_common_core,org.sandbox.jdt.triggerpattern.internal,HintPredicatePreprocessor.ParsedPredicates,10,431,1,25,3,79,1,24,0,10
sandbox_coverage/sandbox_common_core,org.sandbox.jdt.triggerpattern.internal,TypeDeclarationHeaderMatcher,216,324,64,50,46,68,46,28,1,16
sandbox_coverage/sandbox_common_core,org.sandbox.jdt.triggerpattern.internal,HintDeclarationDiffPreprocessor,115,665,50,106,28,132,43,47,0,12
sandbox_coverage/sandbox_common_core,org.sandbox.jdt.triggerpattern.internal,BuiltInGuardRegistration.PlanNodeArguments,0,9,0,0,0,1,0,1,0,1
sandbox_coverage/sandbox_common_core,org.sandbox.jdt.triggerpattern.internal,HintProgramParser.PreparedProgram,0,24,0,0,0,5,0,1,0,1
sandbox_coverage/sandbox_common_core,org.sandbox.jdt.triggerpattern.internal,HintDeclarationDiffPreprocessor.MethodShape,7,173,5,15,2,24,5,7,0,2
sandbox_coverage/sandbox_common_core,org.sandbox.jdt.triggerpattern.internal,HintRuleKindPreprocessor.Result,0,12,0,0,0,3,0,1,0,1
sandbox_coverage/sandbox_common_core,org.sandbox.jdt.triggerpattern.internal,HintDeclarationDiffPreprocessor.Compilation,0,9,0,0,0,3,0,1,0,1
sandbox_coverage/sandbox_common_core,org.sandbox.jdt.triggerpattern.internal,HintPredicatePreprocessor.Extraction,0,9,0,0,0,1,0,1,0,1
sandbox_coverage/sandbox_common_core,org.sandbox.jdt.triggerpattern.internal,SuppressWarningsChecker,40,116,16,22,10,26,12,11,0,4
sandbox_coverage/sandbox_common_core,org.sandbox.jdt.triggerpattern.git,DiffExtractor,74,153,9,9,15,39,9,9,2,7
sandbox_coverage/sandbox_common_core,org.sandbox.jdt.triggerpattern.git,CommitWalker,50,117,13,17,12,33,10,9,0,4
sandbox_coverage/sandbox_common_core,org.sandbox.jdt.triggerpattern.git,RepoCloner,41,0,0,0,16,0,3,0,3,0
sandbox_coverage/sandbox_common_core,org.sandbox.jdt.container.analysis,LocalArrayUsageAnalyzer.Accumulator,15,238,1,19,4,53,2,19,1,10
sandbox_coverage/sandbox_common_core,org.sandbox.jdt.container.analysis,ContainerMigrationReadinessPlanner,85,339,20,49,21,90,19,36,0,14
sandbox_coverage/sandbox_common_core,org.sandbox.jdt.container.analysis,ContainerContractInferrer,28,286,19,43,3,62,18,25,0,12
sandbox_coverage/sandbox_common_core,org.sandbox.jdt.container.analysis,ContainerFlowContinuationDetector.Accumulator,20,197,7,11,6,45,7,8,0,6
sandbox_coverage/sandbox_common_core,org.sandbox.jdt.container.analysis,ContainerBridgePolicyPlanner.AssessmentIndex,0,59,1,5,0,13,1,5,0,3
sandbox_coverage/sandbox_common_core,org.sandbox.jdt.container.analysis,LocalUniqueSequenceAnalyzer.Observations,0,170,1,17,0,41,1,15,0,7
sandbox_coverage/sandbox_common_core,org.sandbox.jdt.container.analysis,ContainerLocalRewritePlanner.SourceRange,0,9,0,0,0,1,0,1,0,1
sandbox_coverage/sandbox_common_core,org.sandbox.jdt.container.analysis,ClosedFlowArrayUsageRefiner.SourceRange,5,13,2,2,1,3,2,1,0,1
sandbox_coverage/sandbox_common_core,org.sandbox.jdt.container.analysis,ClosedSourceParameterMigrationPlanner.Signature,0,9,0,0,0,1,0,1,0,1
sandbox_coverage/sandbox_common_core,org.sandbox.jdt.container.analysis,ContainerLocalRewritePlanner,14,559,15,71,3,119,15,47,0,17
sandbox_coverage/sandbox_common_core,org.sandbox.jdt.container.analysis,ClosedSourceParameterMigrationPlanner.Topology,0,12,0,0,0,1,0,1,0,1
sandbox_coverage/sandbox_common_core,org.sandbox.jdt.container.analysis,ContainerBridgePolicyPlanner,17,258,6,32,4,63,6,23,0,7
sandbox_coverage/sandbox_common_core,org.sandbox.jdt.container.analysis,ContainerFlowContinuationLinker,115,465,39,52,19,98,37,33,4,19
sandbox_coverage/sandbox_common_core,org.sandbox.jdt.container.analysis,ContainerFlowSearchSeedExtractor,50,106,8,10,17,30,8,7,1,4
sandbox_coverage/sandbox_common_core,org.sandbox.jdt.container.analysis,ClosedSourceParameterMigrationPlanner,97,326,32,32,20,80,35,7,3,7
sandbox_coverage/sandbox_common_core,org.sandbox.jdt.container.analysis,ContainerFlowComponentAssembler.TextMerge,0,9,0,0,0,1,0,1,0,1
sandbox_coverage/sandbox_common_core,org.sandbox.jdt.container.analysis,AppendOnlyArraySeedDetector.GrowthSeed,0,31,0,0,0,6,0,1,0,1
sandbox_coverage/sandbox_common_core,org.sandbox.jdt.container.analysis,ContainerSignatureAtomicityPlanner.GroupKey,0,14,0,0,0,3,0,1,0,1
sandbox_coverage/sandbox_common_core,org.sandbox.jdt.container.analysis,LocalUniqueSequenceAnalyzer,45,407,40,68,11,83,40,34,1,19
sandbox_coverage/sandbox_common_core,org.sandbox.jdt.container.analysis,ContainerFlowComponentAssembler.MutableNode,21,200,15,19,5,41,11,11,0,5
sandbox_coverage/sandbox_common_core,org.sandbox.jdt.container.analysis,ContainerFlowIndex.BindingInfo,0,29,0,0,0,11,0,6,0,6
sandbox_coverage/sandbox_common_core,org.sandbox.jdt.container.analysis,UniqueSequencePattern.GuardedAdd,0,31,0,0,0,6,0,1,0,1
sandbox_coverage/sandbox_common_core,org.sandbox.jdt.container.analysis,ContainerSignatureAtomicityPlanner,37,371,9,49,8,86,8,32,0,11
sandbox_coverage/sandbox_common_core,org.sandbox.jdt.container.analysis,UniqueSequencePattern,97,301,50,48,15,65,38,19,0,8
sandbox_coverage/sandbox_common_core,org.sandbox.jdt.container.analysis,LocalUniqueSequenceAnalyzer.Candidate,0,21,0,0,0,1,0,1,0,1
sandbox_coverage/sandbox_common_core,org.sandbox.jdt.container.analysis,ContainerFlowGraphAccumulator,84,468,24,34,15,111,22,34,1,25
sandbox_coverage/sandbox_common_core,org.sandbox.jdt.container.analysis,LocalContainerFlowGraphBuilder,200,519,66,80,50,122,55,32,2,12
sandbox_coverage/sandbox_common_core,org.sandbox.jdt.container.analysis,ClosedFlowArrayUsageRefiner,60,600,40,58,13,127,37,36,0,22
sandbox_coverage/sandbox_common_core,org.sandbox.jdt.container.analysis,ContainerFlowComponentAssembler,64,406,19,44,16,94,17,32,0,15
sandbox_coverage/sandbox_common_core,org.sandbox.jdt.container.analysis,ContainerFlowIndex.MethodInfo,0,9,0,0,0,3,0,1,0,1
sandbox_coverage/sandbox_common_core,org.sandbox.jdt.container.analysis,ContainerParameterRewritePlanner,67,360,33,48,11,89,33,20,1,11
sandbox_coverage/sandbox_common_core,org.sandbox.jdt.container.analysis,ContainerAstFacts,73,187,23,25,11,39,20,12,1,7
sandbox_coverage/sandbox_common_core,org.sandbox.jdt.container.analysis,UniqueSequenceLocalRewritePlanner,60,266,22,35,11,64,23,17,1,10
sandbox_coverage/sandbox_common_core,org.sandbox.jdt.container.analysis,UniqueSequenceContractInferrer,0,138,11,21,0,32,11,11,0,6
sandbox_coverage/sandbox_common_core,org.sandbox.jdt.container.analysis,ContainerFlowIndex,4,272,7,21,2,61,7,23,0,16
sandbox_coverage/sandbox_common_core,org.sandbox.jdt.container.analysis,ContainerFlowContinuationDetector,193,519,36,56,50,136,35,41,7,23
sandbox_coverage/sandbox_common_core,org.sandbox.jdt.container.analysis,ContainerFlowContinuationDetector.TargetIndex,0,90,0,4,0,17,0,9,0,7
sandbox_coverage/sandbox_common_core,org.sandbox.jdt.container.analysis,LocalUniqueSequenceAnalyzer.new ASTVisitor() {...},0,19,0,0,0,4,0,2,0,2
sandbox_coverage/sandbox_common_core,org.sandbox.jdt.container.analysis,AppendOnlyArraySeedDetector,56,409,40,48,13,89,36,25,0,17
sandbox_coverage/sandbox_common_core,org.sandbox.jdt.container.analysis,LocalUniqueSequenceAnalyzer.new ASTVisitor() {...},0,24,0,2,0,4,0,3,0,2
sandbox_coverage/sandbox_common_core,org.sandbox.jdt.container.analysis,LocalArrayUsageAnalyzer,184,613,81,107,34,135,69,49,2,22
sandbox_coverage/sandbox_common_core,org.sandbox.jdt.container.analysis,ContainerRuleRegistry,7,106,1,1,1,15,1,7,0,7
sandbox_coverage/sandbox_common_core,org.sandbox.jdt.container.analysis,ClosedSourceRecommendationRefiner,195,0,36,0,41,0,26,0,8,0
sandbox_coverage/sandbox_common_core,org.sandbox.jdt.internal.common,AnnotationVisitorBuilder,0,146,2,18,0,37,2,13,0,5
sandbox_coverage/sandbox_common_core,org.sandbox.jdt.internal.common,MethodCallVisitorBuilder,98,100,11,5,20,24,12,11,6,9
sandbox_coverage/sandbox_common_core,org.sandbox.jdt.internal.common,ScopedAstProcessorBuilder,69,290,7,15,13,54,13,26,6,22
sandbox_coverage/sandbox_common_core,org.sandbox.jdt.internal.common,LibStandardNames,3,0,0,0,1,0,1,0,1,0
sandbox_coverage/sandbox_common_core,org.sandbox.jdt.internal.common,IndependentAstProcessorBuilder,9,84,0,2,2,18,1,5,1,4
sandbox_coverage/sandbox_common_core,org.sandbox.jdt.internal.common,LambdaASTVisitor,1481,1971,317,349,351,529,293,257,65,152
sandbox_coverage/sandbox_common_core,org.sandbox.jdt.internal.common,ImportVisitorBuilder,0,16,0,0,0,5,0,2,0,2
sandbox_coverage/sandbox_common_core,org.sandbox.jdt.internal.common,SimpleMethodCallVisitorBuilder,0,66,1,3,0,17,1,6,0,5
sandbox_coverage/sandbox_common_core,org.sandbox.jdt.internal.common,ASTProcessor.NodeHolder,6,21,0,0,3,9,1,2,1,2
sandbox_coverage/sandbox_common_core,org.sandbox.jdt.internal.common,FieldVisitorBuilder,0,43,0,4,0,11,0,7,0,5
sandbox_coverage/sandbox_common_core,org.sandbox.jdt.internal.common,HelperVisitor,2940,410,0,0,566,94,315,36,315,36
sandbox_coverage/sandbox_common_core,org.sandbox.jdt.internal.common,VisitorConfigData,0,87,0,2,0,23,0,13,0,12
sandbox_coverage/sandbox_common_core,org.sandbox.jdt.internal.common,ReferenceHolder,32,22,4,0,11,7,8,6,6,6
sandbox_coverage/sandbox_common_core,org.sandbox.jdt.internal.common,ClassInstanceCreationVisitorBuilder,0,16,0,0,0,5,0,2,0,2
sandbox_coverage/sandbox_common_core,org.sandbox.jdt.internal.common,HelperVisitorFactory,4715,298,0,0,1256,73,315,24,315,24
sandbox_coverage/sandbox_common_core,org.sandbox.jdt.internal.common,AstProcessorBuilder,1405,395,30,4,225,70,211,52,195,51
sandbox_coverage/sandbox_common_core,org.sandbox.jdt.internal.common,ScopedAstProcessorBuilder.TraversalDecision,0,15,0,0,0,3,0,1,0,1
sandbox_coverage/sandbox_common_core,org.sandbox.jdt.internal.common,ScopedAstProcessorBuilder.Stage,0,18,0,0,0,1,0,1,0,1
sandbox_coverage/sandbox_common_core,org.sandbox.jdt.internal.common,HelperVisitorBuilder,0,58,0,2,0,21,0,9,0,8
sandbox_coverage/sandbox_common_core,org.sandbox.jdt.internal.common,IndependentAstProcessorBuilder.Stage,0,9,0,0,0,1,0,1,0,1
sandbox_coverage/sandbox_common_core,org.sandbox.jdt.internal.common,VisitorEnum,0,770,0,0,0,115,0,6,0,6
sandbox_coverage/sandbox_common_core,org.sandbox.jdt.internal.common,StatementDispatcher,93,0,8,0,22,0,14,0,10,0
sandbox_coverage/sandbox_common_core,org.sandbox.jdt.internal.common,VisitorConfigData.Builder,1,62,1,1,0,21,1,11,0,11
sandbox_coverage/sandbox_common_core,org.sandbox.jdt.internal.common,StatementContext,1,316,4,36,0,68,4,44,0,28
sandbox_coverage/sandbox_common_core,org.sandbox.jdt.internal.common,StatementDispatcher.HandlerEntry,36,0,6,0,7,0,6,0,3,0
sandbox_coverage/sandbox_common_core,org.sandbox.jdt.internal.common,AstProcessing,9,24,0,0,3,4,0,3,0,3
sandbox_coverage/sandbox_common_core,org.sandbox.jdt.internal.common,StatementDispatcher.HandlerBuilder,67,0,0,0,15,0,11,0,11,0
sandbox_coverage/sandbox_common_core,org.sandbox.jdt.internal.common,ASTProcessor,1762,867,3,11,314,174,182,70,180,65
sandbox_coverage/sandbox_common_core,org.sandbox.jdt.internal.common,NodeMatcher,15,487,27,57,1,96,27,60,1,44
sandbox_coverage/sandbox_common_core,org.sandbox.jdt.cleanup.multifile.api,LineDelimiterPreserver.Bom,14,58,2,8,2,13,2,6,0,3
sandbox_coverage/sandbox_common_core,org.sandbox.jdt.cleanup.multifile.api,LineDelimiterPreserver,69,358,13,29,11,71,10,20,0,9
sandbox_coverage/sandbox_common_core,org.sandbox.jdt.cleanup.multifile.api,LineDelimiterPreserver.LineDelimiter,12,99,7,15,2,23,6,8,0,3
sandbox_coverage/sandbox_common_core,org.sandbox.jdt.cleanup.multifile.api,LineDelimiterPreserver.Encoding,0,18,0,0,0,4,0,2,0,2
sandbox_coverage/sandbox-mining-cli,org.sandbox.mining.report,MarkdownReporter,29,486,3,43,6,83,4,30,1,10
sandbox_coverage/sandbox-mining-cli,org.sandbox.mining.report,MiningReport.MatchEntry,0,24,0,0,0,1,0,1,0,1
sandbox_coverage/sandbox-mining-cli,org.sandbox.mining.report,MiningReport,0,156,0,6,0,26,0,19,0,16
sandbox_coverage/sandbox-mining-cli,org.sandbox.mining.report,JsonReporter,29,307,4,12,7,53,5,7,1,3
sandbox_coverage/sandbox-mining-cli,org.sandbox.mining,MiningCli,585,177,62,7,153,43,46,6,10,4
sandbox_coverage/sandbox-mining-cli,org.sandbox.mining.scanner,SourceScanner.new SimpleFileVisitor() {...},2,30,0,4,1,6,1,4,1,2
sandbox_coverage/sandbox-mining-cli,org.sandbox.mining.scanner,SourceScanner,30,209,12,22,5,45,12,11,1,5
sandbox_coverage/sandbox-mining-cli,org.sandbox.mining.scanner,StandaloneAstParser,0,51,0,0,0,15,0,3,0,3
sandbox_coverage/sandbox-mining-cli,org.sandbox.mining.git,RepoCloner,23,0,0,0,5,0,2,0,2,0
sandbox_coverage/sandbox-mining-cli,org.sandbox.mining.config,MiningConfig,47,219,8,26,13,55,11,22,5,11
sandbox_coverage/sandbox-mining-cli,org.sandbox.mining.config,RepoEntry,23,33,3,1,5,13,3,7,1,7
sandbox_coverage/sandbox-mining-core,org.sandbox.mining.core.comparison,DeltaReport,3,430,6,24,1,87,6,20,0,11
sandbox_coverage/sandbox-mining-core,org.sandbox.mining.core.comparison,GapCategory,10,108,5,9,5,25,5,10,0,2
sandbox_coverage/sandbox-mining-core,org.sandbox.mining.core.comparison,ExternalEvaluationImporter,57,0,4,0,12,0,5,0,3,0
sandbox_coverage/sandbox-mining-core,org.sandbox.mining.core.comparison,ErrorFeedbackCollector,17,143,6,18,2,32,6,12,1,5
sandbox_coverage/sandbox-mining-core,org.sandbox.mining.core.comparison,GapEntry,0,18,0,0,0,1,0,1,0,1
sandbox_coverage/sandbox-mining-core,org.sandbox.mining.core.comparison,HintFileUpdater,189,176,48,30,45,43,32,14,2,5
sandbox_coverage/sandbox-mining-core,org.sandbox.mining.core.comparison,ExternalEvaluationImporter.new TypeToken() {...},3,0,0,0,1,0,1,0,1,0
sandbox_coverage/sandbox-mining-core,org.sandbox.mining.core.comparison,ExternalEvaluationImporter.new TypeAdapter() {...},31,0,6,0,8,0,6,0,3,0
sandbox_coverage/sandbox-mining-core,org.sandbox.mining.core.comparison,ExternalEvaluationImporter.new TypeToken() {...},3,0,0,0,1,0,1,0,1,0
sandbox_coverage/sandbox-mining-core,org.sandbox.mining.core.comparison,MiningComparator,7,248,18,40,1,47,20,17,2,6
sandbox_coverage/sandbox-mining-core,org.sandbox.mining.core.filter,CommitKeywordFilter,0,249,4,18,0,28,4,15,0,8
sandbox_coverage/sandbox-mining-core,org.sandbox.mining.core.enrichment,TypeContextEnricher,0,161,0,12,0,37,0,10,0,4
sandbox_coverage/sandbox-mining-core,org.sandbox.mining.core.config,KnownRulesStore.RuleStatus,0,27,0,0,0,5,0,1,0,1
sandbox_coverage/sandbox-mining-core,org.sandbox.mining.core.config,MiningConfig,157,220,23,21,41,59,31,17,14,12
sandbox_coverage/sandbox-mining-core,org.sandbox.mining.core.config,MiningState.DeferredCommit,28,54,0,0,7,19,7,9,7,9
sandbox_coverage/sandbox-mining-core,org.sandbox.mining.core.config,KnownRulesStore,27,168,7,11,4,38,7,14,0,12
sandbox_coverage/sandbox-mining-core,org.sandbox.mining.core.config,RepoEntry,32,24,3,1,10,8,8,2,6,2
sandbox_coverage/sandbox-mining-core,org.sandbox.mining.core.config,MiningState.RepoState,56,169,11,5,12,48,13,29,7,27
sandbox_coverage/sandbox-mining-core,org.sandbox.mining.core.config,MiningState,43,145,6,4,8,29,9,9,4,9
sandbox_coverage/sandbox-mining-core,org.sandbox.mining.core.config,KnownRulesStore.KnownRule,62,18,0,0,17,7,17,6,17,6
sandbox_coverage/sandbox-mining-core,org.sandbox.mining.core.config,MiningConfig.EpochEntry,15,17,0,0,5,6,2,5,2,5
sandbox_coverage/sandbox-mining-core,org.sandbox.mining.core.config,KnownRulesStore.KnownRulesData,0,11,0,0,0,3,0,1,0,1
sandbox_coverage/sandbox-mining-core,org.sandbox.mining.core.report,JsonReporter,26,125,1,7,5,30,3,7,2,4
sandbox_coverage/sandbox-mining-core,org.sandbox.mining.core.report,StatisticsCollector.RepoStatistics,15,46,0,6,5,9,5,6,5,2
sandbox_coverage/sandbox-mining-core,org.sandbox.mining.core.report,JsonReporter.new TypeAdapter() {...},0,17,0,2,0,4,0,4,0,3
sandbox_coverage/sandbox-mining-core,org.sandbox.mining.core.report,JsonReporter.new TypeToken() {...},0,3,0,0,0,1,0,1,0,1
sandbox_coverage/sandbox-mining-core,org.sandbox.mining.core.report,GithubPagesGenerator,16,223,4,10,5,50,4,11,1,7
sandbox_coverage/sandbox-mining-core,org.sandbox.mining.core.report,ReportAggregator,66,0,4,0,19,0,10,0,8,0
sandbox_coverage/sandbox-mining-core,org.sandbox.mining.core.report,StatisticsCollector,28,326,17,33,5,85,14,33,1,20
sandbox_coverage/sandbox-mining-core,org.sandbox.mining.core.report,DslEnhancementReporter.IssueDescriptor,0,9,0,0,0,1,0,1,0,1
sandbox_coverage/sandbox-mining-core,org.sandbox.mining.core.report,NetBeansReporter,4,178,5,19,0,42,5,16,0,8
sandbox_coverage/sandbox-mining-core,org.sandbox.mining.core.report,StatisticsCollector.RunMetadata,9,24,0,0,3,8,3,8,3,8
sandbox_coverage/sandbox-mining-core,org.sandbox.mining.core.report,StatisticsCollector.TimeWindow,6,21,0,0,2,8,2,3,2,3
sandbox_coverage/sandbox-mining-core,org.sandbox.mining.core.report,GithubPagesGenerator.new TypeToken() {...},0,3,0,0,0,1,0,1,0,1
sandbox_coverage/sandbox-mining-core,org.sandbox.mining.core.report,GithubPagesGenerator.new TypeAdapter() {...},0,17,0,2,0,4,0,4,0,3
sandbox_coverage/sandbox-mining-core,org.sandbox.mining.core.report,DslEnhancementReporter.DslLimitationGroup,0,20,0,0,0,7,0,4,0,4
sandbox_coverage/sandbox-mining-core,org.sandbox.mining.core.report,StatisticsCollector.DailyProgress,6,9,0,0,2,4,2,2,2,2
sandbox_coverage/sandbox-mining-core,org.sandbox.mining.core.report,DslEnhancementReporter,8,436,19,39,2,79,19,19,0,9
sandbox_coverage/sandbox-mining-core,org.sandbox.mining.core.candidate,CandidateVerifier.ParseResult,0,12,0,0,0,1,0,1,0,1
sandbox_coverage/sandbox-mining-core,org.sandbox.mining.core.candidate,CandidateStatus,12,117,12,22,2,19,12,9,0,2
sandbox_coverage/sandbox-mining-core,org.sandbox.mining.core.candidate,CandidateVerificationCli,109,718,31,61,33,167,28,42,1,19
sandbox_coverage/sandbox-mining-core,org.sandbox.mining.core.candidate,CandidateVerifier,157,604,37,75,44,144,36,42,2,19
sandbox_coverage/sandbox-mining-core,org.sandbox.mining.core.candidate,CandidateVerification,0,48,0,0,0,4,0,3,0,3
sandbox_coverage/sandbox-mining-core,org.sandbox.mining.core.candidate,CandidateTransition,0,18,0,0,0,1,0,1,0,1
sandbox_coverage/sandbox-mining-core,org.sandbox.mining.core.candidate,CandidateReviewCli,98,256,23,35,23,65,21,20,1,8
sandbox_coverage/sandbox-mining-core,org.sandbox.mining.core.candidate,CandidatePromotionCli.PromotionFixture,0,76,0,0,0,15,0,2,0,2
sandbox_coverage/sandbox-mining-core,org.sandbox.mining.core.candidate,CandidatePromotionCli,104,381,26,36,23,87,26,15,1,8
sandbox_coverage/sandbox-mining-core,org.sandbox.mining.core.candidate,MiningCandidate,81,474,11,35,26,120,19,56,8,44
sandbox_coverage/sandbox-mining-core,org.sandbox.mining.core.candidate,CandidateStore,40,444,15,53,11,92,15,40,0,21
sandbox_coverage/sandbox-mining-core,org.sandbox.mining.core.candidate,RuleFingerprintIndex,48,219,8,14,11,45,7,9,0,5
sandbox_coverage/sandbox-mining-core,org.sandbox.mining.core.candidate,CandidateVerification.Stage,0,75,0,0,0,13,0,1,0,1
sandbox_coverage/sandbox-mining-core,org.sandbox.mining.core.action,PullRequestCreator,90,0,2,0,18,0,3,0,2,0
sandbox_coverage/sandbox-mining-core,org.sandbox.mining.core.action,AutoCommitter,79,0,2,0,16,0,3,0,2,0
sandbox_coverage/sandbox-mining-core,org.sandbox.mining.core,MiningCli,2001,397,202,45,446,114,121,32,12,9
sandbox_coverage/sandbox-mining-core,org.sandbox.mining.core.category,CategoryManager,126,0,12,0,26,0,14,0,8,0
sandbox_coverage/sandbox-mining-core,org.sandbox.mining.core.category,CategoryManager.new TypeToken() {...},3,0,0,0,1,0,1,0,1,0
sandbox_coverage/sandbox-jgit-storage-hibernate,org.eclipse.jgit.storage.hibernate.config,HibernateSessionFactoryProvider,3,194,14,22,0,52,13,9,0,4
sandbox_coverage/sandbox-jgit-storage-hibernate,org.eclipse.jgit.storage.hibernate.repository,HibernateRepository,32,56,3,1,8,13,6,5,4,5
sandbox_coverage/sandbox-jgit-storage-hibernate,org.eclipse.jgit.storage.hibernate.repository,HibernateRepositoryBuilder,14,43,4,4,4,11,5,6,1,6
sandbox_coverage/sandbox-jgit-storage-hibernate,org.eclipse.jgit.storage.hibernate.objects,HibernateObjDatabase.ByteArrayReadableChannel,14,49,1,1,6,13,5,5,4,5
sandbox_coverage/sandbox-jgit-storage-hibernate,org.eclipse.jgit.storage.hibernate.objects,HibernateObjDatabase.HibernatePackOutputStream,25,95,3,3,6,31,3,6,1,5
sandbox_coverage/sandbox-jgit-storage-hibernate,org.eclipse.jgit.storage.hibernate.objects,HibernateObjDatabase,94,206,8,10,26,45,10,12,4,9
sandbox_coverage/sandbox-jgit-storage-hibernate,org.eclipse.jgit.storage.hibernate.search.strategies,XmlFileStrategy,69,18,6,0,19,7,5,4,2,4
sandbox_coverage/sandbox-jgit-storage-hibernate,org.eclipse.jgit.storage.hibernate.search.strategies,PluginXmlFileStrategy,69,16,6,0,20,7,5,4,2,4
sandbox_coverage/sandbox-jgit-storage-hibernate,org.eclipse.jgit.storage.hibernate.search.strategies,JavaFileStrategy,114,233,23,15,26,66,18,13,1,11
sandbox_coverage/sandbox-jgit-storage-hibernate,org.eclipse.jgit.storage.hibernate.search.strategies,PropertiesFileStrategy,120,16,14,0,34,6,10,4,3,4
sandbox_coverage/sandbox-jgit-storage-hibernate,org.eclipse.jgit.storage.hibernate.search.strategies,PomFileStrategy,101,18,10,0,28,9,7,4,2,4
sandbox_coverage/sandbox-jgit-storage-hibernate,org.eclipse.jgit.storage.hibernate.search.strategies,ManifestFileStrategy,151,14,14,0,41,5,10,4,3,4
sandbox_coverage/sandbox-jgit-storage-hibernate,org.eclipse.jgit.storage.hibernate.search.strategies,GenericTextFileStrategy,80,7,10,0,24,2,11,2,6,2
sandbox_coverage/sandbox-jgit-storage-hibernate,org.sandbox.jgit.storage.integration,SandboxProjectionEntities,0,8,0,0,0,2,0,2,0,2
sandbox_coverage/sandbox-jgit-storage-hibernate,org.sandbox.jgit.storage.integration,JGitStorageLibraryBoundary,0,7,0,0,0,2,0,2,0,2
sandbox_coverage/sandbox-jgit-storage-hibernate,org.eclipse.jgit.storage.hibernate.entity,GitPackEntity,22,30,0,0,8,15,7,8,7,8
sandbox_coverage/sandbox-jgit-storage-hibernate,org.eclipse.jgit.storage.hibernate.entity,GitCommitIndex,16,50,0,0,6,23,5,14,5,14
sandbox_coverage/sandbox-jgit-storage-hibernate,org.eclipse.jgit.storage.hibernate.entity,GitRefEntity,63,3,0,0,27,2,18,1,18,1
sandbox_coverage/sandbox-jgit-storage-hibernate,org.eclipse.jgit.storage.hibernate.entity,GitReflogEntity,70,3,0,0,30,2,20,1,20,1
sandbox_coverage/sandbox-jgit-storage-hibernate,org.eclipse.jgit.storage.hibernate.entity,FloatArrayConverter,0,68,0,8,0,17,0,7,0,3
sandbox_coverage/sandbox-jgit-storage-hibernate,org.eclipse.jgit.storage.hibernate.entity,GitObjectEntity,49,3,0,0,21,2,14,1,14,1
sandbox_coverage/sandbox-jgit-storage-hibernate,org.eclipse.jgit.storage.hibernate.entity,FilePathHistory,25,27,0,0,9,14,8,7,8,7
sandbox_coverage/sandbox-jgit-storage-hibernate,org.eclipse.jgit.storage.hibernate.entity,JavaBlobIndex,65,148,0,0,23,69,21,40,21,40
sandbox_coverage/sandbox-jgit-storage-hibernate,org.eclipse.jgit.storage.hibernate.search,RankFusionUtil.ScoredEntry,0,19,0,0,0,7,0,4,0,4
sandbox_coverage/sandbox-jgit-storage-hibernate,org.eclipse.jgit.storage.hibernate.search,JavaStructureVisitor,317,350,57,25,70,83,49,22,9,21
sandbox_coverage/sandbox-jgit-storage-hibernate,org.eclipse.jgit.storage.hibernate.search,EcjTokenFilter,8,215,8,22,3,52,7,13,0,5
sandbox_coverage/sandbox-jgit-storage-hibernate,org.eclipse.jgit.storage.hibernate.search,RankFusionUtil,1,120,1,9,1,23,1,7,0,3
sandbox_coverage/sandbox-jgit-storage-hibernate,org.eclipse.jgit.storage.hibernate.search,EmbeddingBackfillService,158,0,12,0,56,0,13,0,7,0
sandbox_coverage/sandbox-jgit-storage-hibernate,org.eclipse.jgit.storage.hibernate.search,JavaSourceAnalysisConfigurer.new Analyzer() {...},0,23,0,0,0,5,0,2,0,2
sandbox_coverage/sandbox-jgit-storage-hibernate,org.eclipse.jgit.storage.hibernate.search,EcjTokenizer,39,307,32,44,12,67,30,20,0,12
sandbox_coverage/sandbox-jgit-storage-hibernate,org.eclipse.jgit.storage.hibernate.search,BlobIndexData,28,150,0,0,12,64,8,43,8,43
sandbox_coverage/sandbox-jgit-storage-hibernate,org.eclipse.jgit.storage.hibernate.search,JavaSourceAnalysisConfigurer,0,133,0,0,0,47,0,2,0,2
sandbox_coverage/sandbox-jgit-storage-hibernate,org.eclipse.jgit.storage.hibernate.search,FileTypeStrategyRegistry,14,128,4,8,4,31,5,6,1,4
sandbox_coverage/sandbox-jgit-storage-hibernate,org.eclipse.jgit.storage.hibernate.search,EmbeddingService,98,170,20,32,26,51,16,23,2,11
sandbox_coverage/sandbox-jgit-storage-hibernate,org.eclipse.jgit.storage.hibernate.service,GitDatabaseQueryService.AuthorStats,0,21,0,0,0,8,0,4,0,4
sandbox_coverage/sandbox-jgit-storage-hibernate,org.eclipse.jgit.storage.hibernate.service,IndexMigrationService,73,0,0,0,26,0,4,0,4,0
sandbox_coverage/sandbox-jgit-storage-hibernate,org.eclipse.jgit.storage.hibernate.service,BlobIndexer,131,615,31,29,31,151,27,20,1,16
sandbox_coverage/sandbox-jgit-storage-hibernate,org.eclipse.jgit.storage.hibernate.service,ApiDiffResult,0,36,0,0,0,16,0,8,0,8
sandbox_coverage/sandbox-jgit-storage-hibernate,org.eclipse.jgit.storage.hibernate.service,ApiChangeEntry,0,36,0,0,0,16,0,8,0,8
sandbox_coverage/sandbox-jgit-storage-hibernate,org.eclipse.jgit.storage.hibernate.service,CommitIndexer,93,127,16,4,21,35,11,5,2,4
sandbox_coverage/sandbox-jgit-storage-hibernate,org.eclipse.jgit.storage.hibernate.service,GitDatabaseQueryService,2138,414,261,5,547,96,188,21,56,20
sandbox_coverage/sandbox-jgit-storage-hibernate,org.eclipse.jgit.storage.hibernate.service,JavaBlobExtractor,355,0,40,0,94,0,29,0,9,0
sandbox_coverage/sandbox-jgit-storage-hibernate,org.eclipse.jgit.storage.hibernate.refs,HibernateReflogReader.DbReflogEntry,68,0,10,0,19,0,11,0,6,0
sandbox_coverage/sandbox-jgit-storage-hibernate,org.eclipse.jgit.storage.hibernate.refs,HibernateReflogWriter,64,9,6,0,16,4,4,1,1,1
sandbox_coverage/sandbox-jgit-storage-hibernate,org.eclipse.jgit.storage.hibernate.refs,HibernateReflogReader,96,0,6,0,20,0,8,0,5,0
sandbox_coverage/sandbox-jgit-storage-hibernate,org.eclipse.jgit.storage.hibernate.refs,HibernateRefDatabase,0,23,0,0,0,8,0,3,0,3
sandbox_coverage/sandbox-jgit-server-webapp,org.eclipse.jgit.server.config,RepositoryManagerConfig,61,0,4,0,15,0,6,0,4,0
sandbox_coverage/sandbox-jgit-server-webapp,org.eclipse.jgit.server.config,CopiedServerPersistenceContext,14,46,3,1,7,15,2,5,0,5
sandbox_coverage/sandbox-jgit-server-webapp,org.eclipse.jgit.server.config,ExternalCoreStartupGuard.TableReference,0,12,0,0,0,1,0,1,0,1
sandbox_coverage/sandbox-jgit-server-webapp,org.eclipse.jgit.server.config,ExternalCoreStartupGuard.ValidatedHistoryQuery,0,6,0,0,0,1,0,1,0,1
sandbox_coverage/sandbox-jgit-server-webapp,org.eclipse.jgit.server.config,ExternalCoreStartupGuard.HistoryEvidence,0,9,0,0,0,1,0,1,0,1
sandbox_coverage/sandbox-jgit-server-webapp,org.eclipse.jgit.server.config,LegacyCoreSchemaPreflight.PreflightReport,0,27,0,0,0,1,0,1,0,1
sandbox_coverage/sandbox-jgit-server-webapp,org.eclipse.jgit.server.config,HibernateConfig,87,99,11,3,20,27,10,6,3,6
sandbox_coverage/sandbox-jgit-server-webapp,org.eclipse.jgit.server.config,ExternalServerPersistenceContext,29,134,9,3,11,36,6,6,0,6
sandbox_coverage/sandbox-jgit-server-webapp,org.eclipse.jgit.server.config,LegacyCoreSchemaPreflight,52,125,9,11,13,33,8,9,1,6
sandbox_coverage/sandbox-jgit-server-webapp,org.eclipse.jgit.server.config,ExternalCoreStartupGuard,57,414,22,42,16,106,22,23,0,13
sandbox_coverage/sandbox-jgit-server-webapp,org.eclipse.jgit.server.config,ElasticsearchConfig,58,22,20,2,12,10,12,2,1,2
sandbox_coverage/sandbox-jgit-server-webapp,org.eclipse.jgit.server.rest,NativeSearchResource,0,5,0,0,0,2,0,1,0,1
sandbox_coverage/sandbox-jgit-server-webapp,org.eclipse.jgit.server.rest,AdminResource,114,48,12,2,35,16,9,4,2,4
sandbox_coverage/sandbox-jgit-server-webapp,org.eclipse.jgit.server.rest,RepositoryResource,50,174,4,10,12,49,4,11,0,8
sandbox_coverage/sandbox-jgit-server-webapp,org.eclipse.jgit.server.rest,HealthResource,107,142,18,8,29,40,16,4,1,4
sandbox_coverage/sandbox-jgit-server-webapp,org.eclipse.jgit.server.rest,AnalyticsResource,26,258,3,11,9,62,3,11,0,7
sandbox_coverage/sandbox-jgit-server-webapp,org.eclipse.jgit.server.rest,SearchResource,1351,582,138,40,301,145,104,21,23,12
sandbox_coverage/sandbox-jgit-server-webapp,org.eclipse.jgit.server.rest,CorsFilter,144,0,28,0,35,0,19,0,5,0
sandbox_coverage/sandbox-jgit-server-webapp,org.eclipse.jgit.server.repository,SandboxRepositoryService,5,0,0,0,1,0,1,0,1,0
sandbox_coverage/sandbox-jgit-server-webapp,org.eclipse.jgit.server.repository,SandboxRepositoryInfo,0,23,0,2,0,5,0,2,0,1
sandbox_coverage/sandbox-jgit-server-webapp,org.eclipse.jgit.server.repository,CopiedHibernateRepositoryService,9,150,2,10,3,39,2,13,0,9
sandbox_coverage/sandbox-jgit-server-webapp,org.eclipse.jgit.server.repository,ExternalHibernateRepositoryService,5,264,2,22,1,59,2,20,0,10
sandbox_coverage/sandbox-jgit-server-webapp,org.eclipse.jgit.server.repository,SandboxRepositoryDeletionResult,0,36,4,8,0,5,4,4,0,2
sandbox_coverage/sandbox-jgit-server-webapp,org.eclipse.jgit.server,JGitServerApplication,143,362,24,16,43,92,21,21,4,18
sandbox_coverage/sandbox-jgit-server-webapp,org.eclipse.jgit.server.internal,NonOwningHibernateSessionFactoryProvider.new HibernateSessionFactoryProvider() {...},0,5,0,0,0,2,0,2,0,2
sandbox_coverage/sandbox-jgit-server-webapp,org.eclipse.jgit.server.internal,NonOwningHibernateSessionFactoryProvider,0,10,0,0,0,2,0,1,0,1
sandbox_coverage/sandbox-jgit-server-webapp,org.eclipse.jgit.server.resolver,HibernateRepositoryResolver,27,55,2,2,7,16,3,9,2,8
sandbox_coverage/sandbox_extra_search,org.sandbox.jdt.internal.ui.search,SemanticCodeSearchResult,41,0,2,0,14,0,10,0,9,0
sandbox_coverage/sandbox_extra_search,org.sandbox.jdt.internal.ui.search,SemanticCodeSearchQuery,112,0,9,0,30,0,12,0,7,0
sandbox_coverage/sandbox_extra_search,org.sandbox.jdt.internal.ui.search,SemanticCodeSearchPage,283,0,16,0,55,0,13,0,5,0
sandbox_coverage/sandbox_extra_search,org.sandbox.jdt.internal.ui.search,Messages,4,0,0,0,2,0,1,0,1,0
sandbox_coverage/sandbox_extra_search,org.sandbox.jdt.internal.ui.search,UpdateNeededSearchPage.SearchSettingsData,134,0,10,0,43,0,16,0,11,0
sandbox_coverage/sandbox_extra_search,org.sandbox.jdt.internal.ui.search,SemanticCodeSearchQuery.SearchMode,34,0,0,0,7,0,1,0,1,0
sandbox_coverage/sandbox_extra_search,org.sandbox.jdt.internal.ui.search,OpenUpdateSearchPageAction,54,0,10,0,24,0,11,0,6,0
sandbox_coverage/sandbox_extra_search,org.sandbox.jdt.internal.ui.search,UpdateNeededSearchPage,469,0,55,0,119,0,43,0,14,0
sandbox_coverage/sandbox_extra_search,org.sandbox.jdt.internal.ui.search,OpenSemanticSearchPageAction,54,0,10,0,24,0,11,0,6,0
sandbox_coverage/sandbox_extra_search,org.sandbox.jdt.internal.ui.search,UpdateNeededSearchPage.new SelectionAdapter() {...},34,0,2,0,7,0,3,0,2,0
sandbox_coverage/sandbox_extra_search,org.sandbox.jdt.internal.ui.search.gitindex,IndexRepositoryHandler,20,0,0,0,6,0,3,0,3,0
sandbox_coverage/sandbox_extra_search,org.sandbox.jdt.internal.ui.search.gitindex,ReindexAllHandler.new Job() {...},53,0,6,0,15,0,5,0,2,0
sandbox_coverage/sandbox_extra_search,org.sandbox.jdt.internal.ui.search.gitindex,RepositoryIndexService,48,0,0,0,14,0,4,0,4,0
sandbox_coverage/sandbox_extra_search,org.sandbox.jdt.internal.ui.search.gitindex,AuthorStats,52,0,0,0,21,0,11,0,11,0
sandbox_coverage/sandbox_extra_search,org.sandbox.jdt.internal.ui.search.gitindex,IncrementalIndexer,112,0,16,0,31,0,14,0,6,0
sandbox_coverage/sandbox_extra_search,org.sandbox.jdt.internal.ui.search.gitindex,EmbeddedSearchService,79,0,10,0,23,0,13,0,8,0
sandbox_coverage/sandbox_extra_search,org.sandbox.jdt.internal.ui.search.gitindex,SearchHit,82,0,0,0,33,0,17,0,17,0
sandbox_coverage/sandbox_extra_search,org.sandbox.jdt.internal.ui.search.gitindex,GitSearchView,290,0,8,0,67,0,12,0,6,0
sandbox_coverage/sandbox_extra_search,org.sandbox.jdt.internal.ui.search.gitindex,EmbeddedSearchService.Holder,5,0,0,0,1,0,1,0,1,0
sandbox_coverage/sandbox_extra_search,org.sandbox.jdt.internal.ui.search.gitindex,EGitRepositoryTracker,136,0,18,0,41,0,18,0,9,0
sandbox_coverage/sandbox_extra_search,org.sandbox.jdt.internal.ui.search.gitindex,IndexRepositoryHandler.new Job() {...},53,0,6,0,15,0,5,0,2,0
sandbox_coverage/sandbox_extra_search,org.sandbox.jdt.internal.ui.search.gitindex,SemanticSearchClient,825,0,102,0,236,0,80,0,27,0
sandbox_coverage/sandbox_extra_search,org.sandbox.jdt.internal.ui.search.gitindex,ReindexAllHandler,20,0,0,0,6,0,3,0,3,0
sandbox_coverage/sandbox_extra_search,org.sandbox.jdt.internal.ui.search.gitindex,JavaTypeHistoryView,200,0,2,0,45,0,7,0,6,0
sandbox_coverage/sandbox_extra_search,org.sandbox.jdt.internal.ui.search.gitindex,CommitAnalyticsView,224,0,2,0,46,0,7,0,6,0
sandbox_coverage/sandbox_test_commons,org.eclipse.jdt.testplugin,TestFormatterOptions,217,2014,138,138,0,365,138,4,0,4
sandbox_coverage/sandbox_test_commons,org.eclipse.jdt.testplugin,TestOptions,0,48,0,0,0,12,0,2,0,2
sandbox_coverage/sandbox_test_commons,org.sandbox.jdt.ui.tests.quickfix.rules,EclipseJava22,0,5,0,0,0,2,0,1,0,1
sandbox_coverage/sandbox_test_commons,org.sandbox.jdt.ui.tests.quickfix.rules,EclipseJava8,0,5,0,0,0,2,0,1,0,1
sandbox_coverage/sandbox_test_commons,org.sandbox.jdt.ui.tests.quickfix.rules,EclipseJava9,0,5,0,0,0,2,0,1,0,1
sandbox_coverage/sandbox_test_commons,org.sandbox.jdt.ui.tests.quickfix.rules,MultiFileCleanUpLifecycleAssertions,82,418,9,23,6,96,11,20,5,10
sandbox_coverage/sandbox_test_commons,org.sandbox.jdt.ui.tests.quickfix.rules,MultiFileCleanUpLifecycleAssertions.ProblemSignature,9,0,0,0,1,0,1,0,1,0
sandbox_coverage/sandbox_test_commons,org.sandbox.jdt.ui.tests.quickfix.rules,EclipseJava10,0,5,0,0,0,2,0,1,0,1
sandbox_coverage/sandbox_test_commons,org.sandbox.jdt.ui.tests.quickfix.rules,EclipseJava17,0,5,0,0,0,2,0,1,0,1
sandbox_coverage/sandbox_test_commons,org.sandbox.jdt.ui.tests.quickfix.rules,AbstractEclipseJava,397,1103,69,73,86,252,53,68,5,45
sandbox_coverage/sandbox_test_commons,org.sandbox.jdt.ui.tests.quickfix.rules,EclipseJava18,5,0,0,0,2,0,1,0,1,0
sandbox_coverage/sandbox_test_commons,org.sandbox.jdt.ui.tests.quickfix.rules,EclipseBundleClasspath,187,0,22,0,44,0,16,0,5,0
sandbox_coverage/sandbox_test_commons,org.sandbox.jdt.cleanup.multifile,ContainerParameterRewriteIntegrationTest.SourceFacts,0,18,0,0,0,1,0,1,0,1
sandbox_coverage/sandbox_test_commons,org.sandbox.jdt.cleanup.multifile,ClosedSourceParameterMigrationIntegrationTest,10,440,6,6,2,125,6,10,0,10
sandbox_coverage/sandbox_test_commons,org.sandbox.jdt.cleanup.multifile,ContainerLocalArgumentTransferIntegrationTest.new ASTVisitor() {...},6,98,7,11,0,21,7,5,0,3
sandbox_coverage/sandbox_test_commons,org.sandbox.jdt.cleanup.multifile,ContainerParameterRewriteIntegrationTest,27,416,6,6,8,111,6,19,0,19
sandbox_coverage/sandbox_test_commons,org.sandbox.jdt.cleanup.multifile,ClosedSourceParameterMigrationIntegrationTest.new ASTVisitor() {...},2,73,5,7,0,15,5,4,0,3
sandbox_coverage/sandbox_test_commons,org.sandbox.jdt.cleanup.multifile,ContainerLocalRewriteIntegrationTest.new ASTVisitor() {...},2,26,1,3,0,5,1,3,0,2
sandbox_coverage/sandbox_test_commons,org.sandbox.jdt.cleanup.multifile,ContainerLocalRewriteIntegrationTest,18,425,1,5,6,108,2,21,1,19
sandbox_coverage/sandbox_test_commons,org.sandbox.jdt.cleanup.multifile,ClosedSourceParameterMigrationIntegrationTest.new ASTVisitor() {...},8,120,8,10,1,25,8,5,0,4
sandbox_coverage/sandbox_test_commons,org.sandbox.jdt.cleanup.multifile,UniqueSequenceRewritePreservationIntegrationTest,0,127,0,0,0,30,0,4,0,4
sandbox_coverage/sandbox_test_commons,org.sandbox.jdt.cleanup.multifile,ContainerLocalArgumentTransferIntegrationTest.SourceFacts,0,15,0,0,0,1,0,1,0,1
sandbox_coverage/sandbox_test_commons,org.sandbox.jdt.cleanup.multifile,ClosedSourceParameterMigrationIntegrationTest.ParameterFacts,0,21,0,0,0,1,0,1,0,1
sandbox_coverage/sandbox_test_commons,org.sandbox.jdt.cleanup.multifile,UniqueSequenceLocalRewriteIntegrationTest,9,221,2,2,0,56,3,8,1,8
sandbox_coverage/sandbox_test_commons,org.sandbox.jdt.cleanup.multifile,ContainerLocalArgumentTransferIntegrationTest,20,293,3,5,3,76,5,11,2,10
sandbox_coverage/sandbox_test_commons,org.sandbox.jdt.cleanup.multifile,ClosedSourceParameterMigrationIntegrationTest.CallerFacts,0,12,0,0,0,1,0,1,0,1
sandbox_coverage/sandbox_test_commons,org.sandbox.jdt.cleanup.multifile,ContainerParameterRewriteIntegrationTest.new ASTVisitor() {...},0,94,6,8,0,14,6,4,0,3
sandbox_coverage/sandbox_test_commons,org.sandbox.jdt.cleanup.multifile,ContainerParameterRewriteIntegrationTest.new ASTVisitor() {...},0,19,1,1,0,4,1,2,0,2
sandbox_coverage/sandbox_test_commons,org.sandbox.jdt.cleanup.multifile,ContainerParameterRewriteIntegrationTest.SourceRange,0,9,0,0,0,1,0,1,0,1
sandbox_coverage/sandbox_test_commons,org.sandbox.jdt.container.analysis,ClosedSourceParameterPlanningIntegrationTest.new ASTVisitor() {...},0,19,1,1,0,4,1,2,0,2
sandbox_coverage/sandbox_test_commons,org.sandbox.jdt.container.analysis,UniqueSequencePatternSafetyIntegrationTest,0,80,0,0,0,21,0,6,0,6
sandbox_coverage/sandbox_test_commons,org.sandbox.jdt.container.analysis,LocalUniqueSequenceContractClosureTest,0,204,0,0,0,61,0,5,0,5
sandbox_coverage/sandbox_test_commons,org.sandbox.jdt.container.analysis,ClosedArrayCallerParameterFlowIntegrationTest,1,319,1,7,0,100,1,13,0,10
sandbox_coverage/sandbox_test_commons,org.sandbox.jdt.container.analysis,ClosedSourceParameterPlanningIntegrationTest,13,322,6,8,2,115,6,10,0,9
sandbox_coverage/sandbox_test_commons,org.sandbox.jdt.container.analysis,ContainerFlowContinuationDetectorTest,6,280,0,2,0,93,1,12,1,11
sandbox_coverage/sandbox_test_commons,org.sandbox.jdt.container.analysis,LocalContainerContractClosureTest,0,376,0,10,0,97,0,17,0,12
